Route,FROM,TO,PASSENGERS,FREIGHT,MAIL,DAYS
AGARTALA-AHMEDABAD,AGARTALA,AHMEDABAD,3038.0,52.357,0.0,365
AGARTALA-AIZAWL,AGARTALA,AIZAWL,5780.0,0.087,0.0,365
AGARTALA-BENGALURU,AGARTALA,BENGALURU,44195.0,367.947,0.0,365
AGARTALA-BHUBANESWAR,AGARTALA,BHUBANESWAR,18.0,0.0,0.0,61
AGARTALA-CHENNAI,AGARTALA,CHENNAI,12767.0,0.0,0.0,304
AGARTALA-DELHI,AGARTALA,DELHI,62460.0,41.406,1.431,365
AGARTALA-DIBRUGARH,AGARTALA,DIBRUGARH,12436.0,0.0,0.0,365
AGARTALA-GUWAHATI,AGARTALA,GUWAHATI,73104.0,48.452,73.184,365
AGARTALA-IMPHAL,AGARTALA,IMPHAL,13500.0,15.677,0.0,365
AGARTALA-JORHAT,AGARTALA,JORHAT,0.0,0.0,0.0,31
AGARTALA-KOLKATA,AGARTALA,KOLKATA,409462.0,382.3286,18.459,365
AGARTALA-LUCKNOW,AGARTALA,LUCKNOW,0.0,0.0,0.0,59
AGARTALA-MUMBAI,AGARTALA,MUMBAI,0.0,0.0,0.0,90
AGARTALA-SHILLONG,AGARTALA,SHILLONG,8244.0,0.0,0.0,365
AGARTALA-VISAKHAPATNAM,AGARTALA,VISAKHAPATNAM,386.0,0.0,0.0,61
AGATTI ISLAND-BENGALURU,AGATTI ISLAND,BENGALURU,279.0,0.0,0.0,365
AGATTI ISLAND-KOCHI,AGATTI ISLAND,KOCHI,17616.0,8.290000000000001,0.299792,365
AGATTI ISLAND-MYSORE,AGATTI ISLAND,MYSORE,202.0,0.0,0.0,304
AGRA-AHMEDABAD,AGRA,AHMEDABAD,5164.0,0.092,0.0,214
AGRA-BENGALURU,AGRA,BENGALURU,28588.0,1.73,0.0,365
AGRA-BHOPAL,AGRA,BHOPAL,2601.0,0.0,0.0,365
AGRA-LUCKNOW,AGRA,LUCKNOW,5545.0,0.004,0.0,365
AGRA-MUMBAI,AGRA,MUMBAI,15067.0,1.02,0.0,307
AHMEDABAD-AGARTALA,AHMEDABAD,AGARTALA,4098.0,1.299,0.0,365
AHMEDABAD-AGRA,AHMEDABAD,AGRA,5052.0,0.301,0.0,214
AHMEDABAD-AJMER,AHMEDABAD,AJMER,225.0,0.0,0.0,31
AHMEDABAD-AMRITSAR,AHMEDABAD,AMRITSAR,13033.0,11.426449999999999,0.008,306
AHMEDABAD-BAGDOGRA,AHMEDABAD,BAGDOGRA,36490.0,118.91703,0.0,365
AHMEDABAD-BELGAUM,AHMEDABAD,BELGAUM,9359.0,0.0,0.0,365
AHMEDABAD-BENGALURU,AHMEDABAD,BENGALURU,405751.0,3822.5568000000003,17.486,365
AHMEDABAD-BHOPAL,AHMEDABAD,BHOPAL,20514.0,5.102,0.0,365
AHMEDABAD-BHUBANESWAR,AHMEDABAD,BHUBANESWAR,16866.0,76.33500000000001,0.214,245
AHMEDABAD-BHUJ,AHMEDABAD,BHUJ,4650.0,0.0,0.0,214
AHMEDABAD-CHANDIGARH,AHMEDABAD,CHANDIGARH,97763.0,288.78921,1.09,365
AHMEDABAD-CHENNAI,AHMEDABAD,CHENNAI,139900.0,1544.517,14.769,365
AHMEDABAD-COIMBATORE,AHMEDABAD,COIMBATORE,10050.0,187.555,0.0,365
AHMEDABAD-DABOLIM,AHMEDABAD,DABOLIM,199775.0,339.15491,2.608,365
AHMEDABAD-DEHRA DUN,AHMEDABAD,DEHRA DUN,52920.0,38.93623,0.431,365
AHMEDABAD-DELHI,AHMEDABAD,DELHI,931513.0,14560.95751,128.503,365
AHMEDABAD-DURGAPUR,AHMEDABAD,DURGAPUR,1441.0,0.008,0.0,306
AHMEDABAD-GUWAHATI,AHMEDABAD,GUWAHATI,5082.0,18.877,0.0,245
AHMEDABAD-GWALIOR,AHMEDABAD,GWALIOR,9977.0,36.172740000000005,0.0,243
AHMEDABAD-HYDERABAD,AHMEDABAD,HYDERABAD,185573.0,1359.2350000000001,14.843,365
AHMEDABAD-INDORE,AHMEDABAD,INDORE,25437.0,5.189,0.016,365
AHMEDABAD-JAIPUR,AHMEDABAD,JAIPUR,86626.0,116.40711,0.0,365
AHMEDABAD-JAISALMER,AHMEDABAD,JAISALMER,2627.0,0.0,0.0,182
AHMEDABAD-JALGAON,AHMEDABAD,JALGAON,376.0,0.0,0.0,59
AHMEDABAD-JAMMU,AHMEDABAD,JAMMU,4510.0,4.275,0.0,92
AHMEDABAD-JODHPUR,AHMEDABAD,JODHPUR,12373.0,0.558,0.0,245
AHMEDABAD-KANDLA,AHMEDABAD,KANDLA,162.0,0.0,0.0,31
AHMEDABAD-KOCHI,AHMEDABAD,KOCHI,32341.0,186.951,2.958,304
AHMEDABAD-KOLHAPUR,AHMEDABAD,KOLHAPUR,5298.0,0.011,0.0,214
AHMEDABAD-KOLKATA,AHMEDABAD,KOLKATA,199558.0,2228.06736,23.503999999999998,365
AHMEDABAD-LUCKNOW,AHMEDABAD,LUCKNOW,102348.0,471.07914,29.377,365
AHMEDABAD-MUMBAI,AHMEDABAD,MUMBAI,745622.0,9359.79987,54.821,365
AHMEDABAD-NAGPUR,AHMEDABAD,NAGPUR,34572.0,12.24,0.0,365
AHMEDABAD-NASIK,AHMEDABAD,NASIK,8817.0,1.74,0.0,304
AHMEDABAD-PATNA,AHMEDABAD,PATNA,67046.0,500.32027,0.069,365
AHMEDABAD-PORBANDAR,AHMEDABAD,PORBANDAR,555.0,0.0,0.0,31
AHMEDABAD-PORT BLAIR,AHMEDABAD,PORT BLAIR,307.0,0.0,0.0,92
AHMEDABAD-PUNE,AHMEDABAD,PUNE,178475.0,456.52509,5.88,365
AHMEDABAD-RAIPUR,AHMEDABAD,RAIPUR,17613.0,54.698,0.765,245
AHMEDABAD-RAJKOT,AHMEDABAD,RAJKOT,0.0,0.0,0.0,31
AHMEDABAD-RANCHI,AHMEDABAD,RANCHI,15927.0,18.9,0.0,245
AHMEDABAD-SHIRDI,AHMEDABAD,SHIRDI,1293.0,0.99199,0.0,153
AHMEDABAD-SRINAGAR,AHMEDABAD,SRINAGAR,117.0,0.0,0.0,31
AHMEDABAD-TRIVANDRUM,AHMEDABAD,TRIVANDRUM,1922.0,2.516,0.0,214
AHMEDABAD-UDAIPUR,AHMEDABAD,UDAIPUR,2373.0,0.0,0.0,182
AHMEDABAD-VARANASI,AHMEDABAD,VARANASI,49209.0,104.11191,0.481,365
AHMEDABAD-VISAKHAPATNAM,AHMEDABAD,VISAKHAPATNAM,4405.0,3.166,0.0,337
AIZAWL-AGARTALA,AIZAWL,AGARTALA,5244.0,0.03,0.0,365
AIZAWL-DELHI,AIZAWL,DELHI,21421.0,17.361,0.0,365
AIZAWL-DIMAPUR,AIZAWL,DIMAPUR,4.0,0.0,0.0,92
AIZAWL-GUWAHATI,AIZAWL,GUWAHATI,50214.0,34.987,4.063000000000001,365
AIZAWL-IMPHAL,AIZAWL,IMPHAL,6011.0,5.563,0.0,335
AIZAWL-KOLKATA,AIZAWL,KOLKATA,66652.0,60.23012,0.0,365
AIZAWL-MUMBAI,AIZAWL,MUMBAI,1761.0,2.094,0.0,365
AIZAWL-SHILLONG,AIZAWL,SHILLONG,4806.0,10.690000000000001,0.0,365
AIZAWL-SILCHAR,AIZAWL,SILCHAR,1.0,0.0,0.0,30
AJMER-AHMEDABAD,AJMER,AHMEDABAD,259.0,0.0,0.0,31
AJMER-DELHI,AJMER,DELHI,12791.0,0.588,0.0,243
AJMER-HYDERABAD,AJMER,HYDERABAD,14517.0,0.0,0.0,243
AJMER-INDORE,AJMER,INDORE,4143.0,0.0,0.0,365
AJMER-JABALPUR,AJMER,JABALPUR,10.0,0.0,0.0,90
AJMER-MUMBAI,AJMER,MUMBAI,7805.0,2.015,0.0,273
AJMER-SURAT,AJMER,SURAT,4509.0,0.0,0.0,365
ALLAHABAD-BENGALURU,ALLAHABAD,BENGALURU,42210.0,2.0170000000000003,1.175,365
ALLAHABAD-BHOPAL,ALLAHABAD,BHOPAL,10025.0,0.008,0.284,365
ALLAHABAD-BHUBANESWAR,ALLAHABAD,BHUBANESWAR,16585.0,0.14,0.981,365
ALLAHABAD-BILASPUR,ALLAHABAD,BILASPUR,5001.0,0.06,0.0,365
ALLAHABAD-CHENNAI,ALLAHABAD,CHENNAI,15.0,0.0,0.0,31
ALLAHABAD-DEHRA DUN,ALLAHABAD,DEHRA DUN,15527.0,0.025,0.0,365
ALLAHABAD-DELHI,ALLAHABAD,DELHI,57556.0,1.566,2.223,365
ALLAHABAD-GORAKHPUR,ALLAHABAD,GORAKHPUR,11756.0,0.002,0.0,365
ALLAHABAD-INDORE,ALLAHABAD,INDORE,17713.0,0.198,0.0,365
ALLAHABAD-JABALPUR,ALLAHABAD,JABALPUR,18.0,0.0,0.0,152
ALLAHABAD-LUCKNOW,ALLAHABAD,LUCKNOW,9034.0,0.159,0.0,306
ALLAHABAD-MUMBAI,ALLAHABAD,MUMBAI,45400.0,2.64,2.606,365
ALLAHABAD-PUNE,ALLAHABAD,PUNE,22580.0,5.938000000000001,0.0,365
ALLAHABAD-RAIPUR,ALLAHABAD,RAIPUR,20649.0,0.007,0.0,365
AMRITSAR-AHMEDABAD,AMRITSAR,AHMEDABAD,13391.0,0.9761,0.0,306
AMRITSAR-BENGALURU,AMRITSAR,BENGALURU,31842.0,92.68799999999999,0.0,365
AMRITSAR-CHANDIGARH,AMRITSAR,CHANDIGARH,702.0,9.46333,0.0,183
AMRITSAR-CHENNAI,AMRITSAR,CHENNAI,1435.0,29.497,0.0,306
AMRITSAR-DABOLIM,AMRITSAR,DABOLIM,15768.0,5.4350000000000005,0.0,276
AMRITSAR-DEHRA DUN,AMRITSAR,DEHRA DUN,91.0,0.004,0.0,92
AMRITSAR-DELHI,AMRITSAR,DELHI,375411.0,456.97172,0.005,365
AMRITSAR-GUWAHATI,AMRITSAR,GUWAHATI,3607.0,0.0,0.0,334
AMRITSAR-HYDERABAD,AMRITSAR,HYDERABAD,2197.0,2.548,0.0,274
AMRITSAR-JAIPUR,AMRITSAR,JAIPUR,8924.0,0.5109,0.0,303
AMRITSAR-JAISALMER,AMRITSAR,JAISALMER,0.0,0.0,0.0,90
AMRITSAR-JAMMU,AMRITSAR,JAMMU,0.0,0.0,0.0,304
AMRITSAR-KOLKATA,AMRITSAR,KOLKATA,50311.0,61.939,1.224,365
AMRITSAR-LUCKNOW,AMRITSAR,LUCKNOW,14584.0,0.878,0.0,306
AMRITSAR-MUMBAI,AMRITSAR,MUMBAI,166917.0,179.03391000000002,0.0,365
AMRITSAR-NANDED,AMRITSAR,NANDED,1342.0,0.0,0.0,90
AMRITSAR-PATNA,AMRITSAR,PATNA,13928.0,14.21512,0.0,334
AMRITSAR-PUNE,AMRITSAR,PUNE,33460.0,38.397,0.112,337
AMRITSAR-RAJKOT,AMRITSAR,RAJKOT,0.0,0.0,0.0,31
AMRITSAR-SRINAGAR,AMRITSAR,SRINAGAR,73918.0,33.7912,0.194,365
AURANGABAD-DELHI,AURANGABAD,DELHI,85002.0,240.3733,2.3780515970515967,365
AURANGABAD-HYDERABAD,AURANGABAD,HYDERABAD,29913.0,2.233,0.0,365
AURANGABAD-MUMBAI,AURANGABAD,MUMBAI,87935.0,72.2363,5.318,365
BAGDOGRA-AHMEDABAD,BAGDOGRA,AHMEDABAD,35579.0,125.40047,0.0,365
BAGDOGRA-BENGALURU,BAGDOGRA,BENGALURU,177121.0,843.20382,8.2235,365
BAGDOGRA-BHUBANESWAR,BAGDOGRA,BHUBANESWAR,0.0,0.0,0.0,62
BAGDOGRA-CHENNAI,BAGDOGRA,CHENNAI,61988.0,184.85292,11.399000000000001,365
BAGDOGRA-DELHI,BAGDOGRA,DELHI,467690.0,1429.22802,38.24725,365
BAGDOGRA-DIBRUGARH,BAGDOGRA,DIBRUGARH,32242.0,20.464,0.0,365
BAGDOGRA-GUWAHATI,BAGDOGRA,GUWAHATI,21664.0,347.28244,0.0,304
BAGDOGRA-HYDERABAD,BAGDOGRA,HYDERABAD,59193.0,290.547,0.0,365
BAGDOGRA-JAIPUR,BAGDOGRA,JAIPUR,5815.0,6.55261,0.0,90
BAGDOGRA-KOLKATA,BAGDOGRA,KOLKATA,320024.0,1152.97398,121.582,365
BAGDOGRA-MUMBAI,BAGDOGRA,MUMBAI,110791.0,510.79256,0.0,365
BAGDOGRA-PATNA,BAGDOGRA,PATNA,0.0,0.0,0.0,59
BAGDOGRA-RANCHI,BAGDOGRA,RANCHI,94.0,0.0,0.0,121
BAGDOGRA-SILCHAR,BAGDOGRA,SILCHAR,133.0,0.40384,0.0,30
BAGDOGRA-SURAT,BAGDOGRA,SURAT,0.0,0.0,0.0,31
BAREILLY-BENGALURU,BAREILLY,BENGALURU,27917.0,0.0,0.0,365
BAREILLY-DELHI,BAREILLY,DELHI,16465.0,0.0,0.0,365
BAREILLY-MUMBAI,BAREILLY,MUMBAI,30641.0,0.0,0.0,365
BELGAUM-AHMEDABAD,BELGAUM,AHMEDABAD,9739.0,0.0,0.0,365
BELGAUM-BENGALURU,BELGAUM,BENGALURU,28451.0,3.559,0.0,365
BELGAUM-DELHI,BELGAUM,DELHI,32170.0,0.89772,0.0,365
BELGAUM-HYDERABAD,BELGAUM,HYDERABAD,35767.0,26.6219,0.0,365
BELGAUM-INDORE,BELGAUM,INDORE,4765.0,0.0,0.0,365
BELGAUM-JODHPUR,BELGAUM,JODHPUR,5750.0,0.0,0.0,365
BELGAUM-MUMBAI,BELGAUM,MUMBAI,29134.0,21.94641,0.0,365
BELGAUM-NAGPUR,BELGAUM,NAGPUR,2249.0,0.0,0.0,275
BELGAUM-NASIK,BELGAUM,NASIK,3887.0,0.0,0.0,304
BELGAUM-PUNE,BELGAUM,PUNE,7747.0,0.0,0.0,304
BELGAUM-SURAT,BELGAUM,SURAT,5024.0,0.0,0.0,365
BELGAUM-TIRUPATI,BELGAUM,TIRUPATI,3740.0,0.0,0.0,365
BENGALURU-AGARTALA,BENGALURU,AGARTALA,42045.0,79.825,9.541,365
BENGALURU-AGATTI ISLAND,BENGALURU,AGATTI ISLAND,273.0,0.5,0.0,365
BENGALURU-AGRA,BENGALURU,AGRA,28259.0,5.406,0.0,365
BENGALURU-AHMEDABAD,BENGALURU,AHMEDABAD,399088.0,3213.42473,121.585,365
BENGALURU-ALLAHABAD,BENGALURU,ALLAHABAD,41509.0,25.334,21.416,365
BENGALURU-AMRITSAR,BENGALURU,AMRITSAR,33012.0,37.668,31.990000000000002,365
BENGALURU-BAGDOGRA,BENGALURU,BAGDOGRA,167176.0,913.7905099999999,42.5715,365
BENGALURU-BAREILLY,BENGALURU,BAREILLY,27038.0,3.669,0.0,365
BENGALURU-BELGAUM,BENGALURU,BELGAUM,27523.0,3.455,0.0,365
BENGALURU-BHOPAL,BENGALURU,BHOPAL,45554.0,200.811,46.544,365
BENGALURU-BHUBANESWAR,BENGALURU,BHUBANESWAR,258360.0,1181.18426,160.4645,365
BENGALURU-BIDAR ,BENGALURU,BIDAR ,419.0,0.0,0.0,30
"BENGALURU-BIDAR AIRPORT, KARNATAKA",BENGALURU,"BIDAR AIRPORT, KARNATAKA",3131.0,0.0,0.0,212
BENGALURU-CHANDIGARH,BENGALURU,CHANDIGARH,177571.0,1372.823,114.78378,365
BENGALURU-CHENNAI,BENGALURU,CHENNAI,438141.0,6970.24713,171.284,365
BENGALURU-COIMBATORE,BENGALURU,COIMBATORE,128240.0,213.03300000000002,0.35100000000000003,365
BENGALURU-DABOLIM,BENGALURU,DABOLIM,473743.0,332.4053,16.8433,365
BENGALURU-DARBHANGA,BENGALURU,DARBHANGA,78676.0,341.74812,0.0,365
BENGALURU-DEHRA DUN,BENGALURU,DEHRA DUN,67547.0,45.751,35.08,365
BENGALURU-DELHI,BENGALURU,DELHI,1958067.0,26649.84497,440.2985980399546,365
BENGALURU-DIBRUGARH,BENGALURU,DIBRUGARH,2373.0,2.084,0.0,62
BENGALURU-DIMAPUR,BENGALURU,DIMAPUR,11194.0,18.535,0.003,365
BENGALURU-DURGAPUR,BENGALURU,DURGAPUR,47815.0,337.905,0.0,365
BENGALURU-GORAKHPUR,BENGALURU,GORAKHPUR,14010.0,15.548,0.0,365
BENGALURU-GUWAHATI,BENGALURU,GUWAHATI,245868.0,1795.55148,188.5256,365
BENGALURU-GWALIOR,BENGALURU,GWALIOR,26010.0,62.22721000000001,0.0,365
BENGALURU-HUBLI,BENGALURU,HUBLI,51928.0,7.855,11.81,365
BENGALURU-HYDERABAD,BENGALURU,HYDERABAD,741059.0,1423.23053,306.4385,365
BENGALURU-IMPHAL,BENGALURU,IMPHAL,7753.0,32.41,0.0,365
BENGALURU-INDORE,BENGALURU,INDORE,130361.0,938.552,62.157,365
BENGALURU-JABALPUR,BENGALURU,JABALPUR,21053.0,70.75069,0.0,334
BENGALURU-JAIPUR,BENGALURU,JAIPUR,247617.0,1361.87188,131.8587,365
BENGALURU-JAISALMER,BENGALURU,JAISALMER,47.0,0.0,0.0,31
BENGALURU-JAMMU,BENGALURU,JAMMU,6484.0,3.463,0.0,306
BENGALURU-JAMNAGAR,BENGALURU,JAMNAGAR,5542.0,0.0,0.0,365
BENGALURU-JHARSUGUDA,BENGALURU,JHARSUGUDA,13632.0,1.53478,0.0,243
BENGALURU-JODHPUR,BENGALURU,JODHPUR,41451.0,15.313,16.552,365
BENGALURU-JORHAT,BENGALURU,JORHAT,6581.0,3.986,0.0,365
BENGALURU-KADAPA,BENGALURU,KADAPA,1879.0,0.593,0.0,306
BENGALURU-KALABURAGI,BENGALURU,KALABURAGI,33413.0,0.069012,0.0,365
BENGALURU-KANNUR,BENGALURU,KANNUR,39151.0,39.833,0.0,365
BENGALURU-KANPUR,BENGALURU,KANPUR,32704.0,8.039,0.0,365
BENGALURU-KOCHI,BENGALURU,KOCHI,571403.0,1479.02846,138.269,365
BENGALURU-KOLHAPUR,BENGALURU,KOLHAPUR,5323.0,0.0,0.0,273
BENGALURU-KOLKATA,BENGALURU,KOLKATA,838989.0,6532.54542,257.6889,365
BENGALURU-KOZHIKODE,BENGALURU,KOZHIKODE,40425.0,78.115,15.406,365
BENGALURU-KURNOOL,BENGALURU,KURNOOL,4785.0,2.191,0.0,365
BENGALURU-LUCKNOW,BENGALURU,LUCKNOW,243948.0,1362.14428,210.663,365
BENGALURU-MADURAI,BENGALURU,MADURAI,65550.0,13.519,46.733,365
BENGALURU-MANGALORE,BENGALURU,MANGALORE,228638.0,138.54081,50.541000000000004,365
BENGALURU-MUMBAI,BENGALURU,MUMBAI,1528815.0,13419.38919,202.22896,365
BENGALURU-MYSORE,BENGALURU,MYSORE,4035.0,12.53,0.0,335
BENGALURU-NAGPUR,BENGALURU,NAGPUR,129708.0,633.5889999999999,60.403,365
BENGALURU-NASIK,BENGALURU,NASIK,374.0,0.0,0.0,92
BENGALURU-PATNA,BENGALURU,PATNA,245796.0,1608.99538,77.557,365
BENGALURU-PONDICHERRY,BENGALURU,PONDICHERRY,11444.0,0.43638,0.0,306
BENGALURU-PORT BLAIR,BENGALURU,PORT BLAIR,77710.0,419.75072,8.172,365
BENGALURU-PUNE,BENGALURU,PUNE,601412.0,2949.39854,84.2545,365
BENGALURU-RAIPUR,BENGALURU,RAIPUR,100020.0,353.999,59.958,365
BENGALURU-RAJAHMUNDRY,BENGALURU,RAJAHMUNDRY,38940.0,4.098,0.005,365
BENGALURU-RAJKOT,BENGALURU,RAJKOT,43377.0,33.922000000000004,0.0,365
BENGALURU-RANCHI,BENGALURU,RANCHI,187443.0,742.27203,74.56726,365
BENGALURU-SHIRDI,BENGALURU,SHIRDI,72886.0,28.499299999999998,0.0,365
BENGALURU-SILCHAR,BENGALURU,SILCHAR,2651.0,0.609,0.0,154
BENGALURU-SRINAGAR,BENGALURU,SRINAGAR,18201.0,15.71,0.0,365
BENGALURU-SURAT,BENGALURU,SURAT,64747.0,314.995,16.859,365
BENGALURU-TIRUCHIRAPALLY,BENGALURU,TIRUCHIRAPALLY,45078.0,7.178,13.562,365
BENGALURU-TIRUPATI,BENGALURU,TIRUPATI,22145.0,2.866,5.359,365
BENGALURU-TRIVANDRUM,BENGALURU,TRIVANDRUM,188317.0,201.6467,39.981,365
BENGALURU-TUTICORIN,BENGALURU,TUTICORIN,18476.0,1.735,0.0,365
BENGALURU-UDAIPUR,BENGALURU,UDAIPUR,40011.0,18.225,0.0,365
BENGALURU-VADODARA,BENGALURU,VADODARA,59933.0,135.609,50.943,365
BENGALURU-VARANASI,BENGALURU,VARANASI,143323.0,467.18366000000003,88.152,365
BENGALURU-VIDYANAGAR,BENGALURU,VIDYANAGAR,2396.0,1.25,0.0,120
BENGALURU-VIJAYAWADA,BENGALURU,VIJAYAWADA,96006.0,49.114,92.30499999999999,365
BENGALURU-VISAKHAPATNAM,BENGALURU,VISAKHAPATNAM,201494.0,787.58275,107.64182,365
BHAVNAGAR-MUMBAI,BHAVNAGAR,MUMBAI,17721.0,0.0,0.0,365
BHAVNAGAR-PUNE,BHAVNAGAR,PUNE,9434.0,28.71709,0.0,245
BHAVNAGAR-SURAT,BHAVNAGAR,SURAT,87.0,0.0,0.0,31
BHOPAL-AGRA,BHOPAL,AGRA,3639.0,0.043000000000000003,0.0,365
BHOPAL-AHMEDABAD,BHOPAL,AHMEDABAD,22274.0,0.049,8.432,365
BHOPAL-ALLAHABAD,BHOPAL,ALLAHABAD,10353.0,0.015000000000000001,11.924,365
BHOPAL-BENGALURU,BHOPAL,BENGALURU,49042.0,37.134,21.702,365
BHOPAL-BILASPUR,BHOPAL,BILASPUR,13.0,0.0,0.0,31
BHOPAL-CHENNAI,BHOPAL,CHENNAI,4606.0,0.122,0.934,184
BHOPAL-DELHI,BHOPAL,DELHI,219480.0,148.4025,126.96164041316979,365
BHOPAL-GWALIOR,BHOPAL,GWALIOR,1.0,0.0,0.0,59
BHOPAL-HYDERABAD,BHOPAL,HYDERABAD,27509.0,0.21,10.959999999999999,365
BHOPAL-INDORE,BHOPAL,INDORE,107.0,0.0,0.0,61
BHOPAL-KOCHI,BHOPAL,KOCHI,6761.0,1.2890000000000001,4.894,365
BHOPAL-LUCKNOW,BHOPAL,LUCKNOW,327.0,0.0,0.0,59
BHOPAL-MUMBAI,BHOPAL,MUMBAI,150985.0,93.7876,35.43,365
BHOPAL-NAGPUR,BHOPAL,NAGPUR,0.0,0.0,0.0,31
BHOPAL-PUNE,BHOPAL,PUNE,10289.0,0.02,0.02615600186828585,212
BHOPAL-RAIPUR,BHOPAL,RAIPUR,17760.0,0.028999999999999998,7.392,365
BHOPAL-SURAT,BHOPAL,SURAT,61.0,0.0,0.0,28
BHOPAL-UDAIPUR,BHOPAL,UDAIPUR,1242.0,0.0,0.0,61
BHUBANESWAR-AGARTALA,BHUBANESWAR,AGARTALA,90.0,0.0,0.0,61
BHUBANESWAR-AHMEDABAD,BHUBANESWAR,AHMEDABAD,14754.0,7.523,2.492,245
BHUBANESWAR-ALLAHABAD,BHUBANESWAR,ALLAHABAD,18773.0,0.062,0.0,365
BHUBANESWAR-BAGDOGRA,BHUBANESWAR,BAGDOGRA,147.0,0.0,0.0,62
BHUBANESWAR-BENGALURU,BHUBANESWAR,BENGALURU,271843.0,285.3047,40.9059,365
BHUBANESWAR-CHANDIGARH,BHUBANESWAR,CHANDIGARH,5954.0,0.502,0.0,275
BHUBANESWAR-CHENNAI,BHUBANESWAR,CHENNAI,83712.0,61.168,26.084,365
BHUBANESWAR-DABOLIM,BHUBANESWAR,DABOLIM,515.0,0.004,0.0,31
BHUBANESWAR-DEHRA DUN,BHUBANESWAR,DEHRA DUN,0.0,0.0,0.0,214
BHUBANESWAR-DELHI,BHUBANESWAR,DELHI,466890.0,527.8348,174.18595000000002,365
BHUBANESWAR-HYDERABAD,BHUBANESWAR,HYDERABAD,154795.0,60.992,15.209,365
BHUBANESWAR-JAIPUR,BHUBANESWAR,JAIPUR,20863.0,0.9339999999999999,0.0,365
BHUBANESWAR-JEYPORE,BHUBANESWAR,JEYPORE,310.0,0.0,0.0,92
BHUBANESWAR-JHARSUGUDA,BHUBANESWAR,JHARSUGUDA,14845.0,0.019811999999999996,0.0,365
BHUBANESWAR-KOLKATA,BHUBANESWAR,KOLKATA,214200.0,326.535,77.8254,365
BHUBANESWAR-LUCKNOW,BHUBANESWAR,LUCKNOW,5483.0,0.128,0.0,307
BHUBANESWAR-MUMBAI,BHUBANESWAR,MUMBAI,237741.0,274.80986,57.691,365
BHUBANESWAR-PATNA,BHUBANESWAR,PATNA,25465.0,3.202,0.0,306
BHUBANESWAR-PUNE,BHUBANESWAR,PUNE,59398.0,39.4795,0.0,365
BHUBANESWAR-RAIPUR,BHUBANESWAR,RAIPUR,17316.0,0.9219999999999999,1.189,365
BHUBANESWAR-RANCHI,BHUBANESWAR,RANCHI,7457.0,0.019,0.0,365
BHUBANESWAR-SURAT,BHUBANESWAR,SURAT,1183.0,10.985,0.0,90
BHUBANESWAR-VARANASI,BHUBANESWAR,VARANASI,18173.0,0.018,0.0,365
BHUJ-AHMEDABAD,BHUJ,AHMEDABAD,4540.0,0.0,0.0,214
BHUJ-MUMBAI,BHUJ,MUMBAI,13280.0,8.32,0.0,365
BIDAR -BENGALURU,BIDAR ,BENGALURU,454.0,0.0,0.0,30
"BIDAR AIRPORT, KARNATAKA-BENGALURU","BIDAR AIRPORT, KARNATAKA",BENGALURU,3381.0,0.0,0.0,212
BIKANER-DELHI,BIKANER,DELHI,13267.0,4.949999999999999,0.0,365
BILASPUR-ALLAHABAD,BILASPUR,ALLAHABAD,4607.0,0.0,0.0,365
BILASPUR-BHOPAL,BILASPUR,BHOPAL,21.0,0.0,0.0,31
BILASPUR-DELHI,BILASPUR,DELHI,5327.0,0.0,0.0,365
BILASPUR-INDORE,BILASPUR,INDORE,1870.0,0.0,0.0,92
BILASPUR-JABALPUR,BILASPUR,JABALPUR,3523.0,0.0,0.0,365
CHANDIGARH-AHMEDABAD,CHANDIGARH,AHMEDABAD,90298.0,210.21482,0.0,365
CHANDIGARH-AMRITSAR,CHANDIGARH,AMRITSAR,1175.0,3.4006,0.0,183
CHANDIGARH-BENGALURU,CHANDIGARH,BENGALURU,171715.0,1575.556,11.95661,365
CHANDIGARH-BHUBANESWAR,CHANDIGARH,BHUBANESWAR,5442.0,20.634,0.0,275
CHANDIGARH-CHENNAI,CHANDIGARH,CHENNAI,37648.0,239.839,0.069,306
CHANDIGARH-DABOLIM,CHANDIGARH,DABOLIM,71429.0,48.227,0.0,365
CHANDIGARH-DEHRA DUN,CHANDIGARH,DEHRA DUN,304.0,4.6546,0.0,215
CHANDIGARH-DELHI,CHANDIGARH,DELHI,359523.0,889.7926,17.439,365
CHANDIGARH-DHARAMSALA,CHANDIGARH,DHARAMSALA,10093.0,4.3,0.0,365
CHANDIGARH-GUWAHATI,CHANDIGARH,GUWAHATI,11405.0,27.742,0.0,365
CHANDIGARH-HYDERABAD,CHANDIGARH,HYDERABAD,104629.0,419.262,5.92414,365
CHANDIGARH-INDORE,CHANDIGARH,INDORE,2984.0,0.0,0.0,61
CHANDIGARH-JAIPUR,CHANDIGARH,JAIPUR,40740.0,4.9589,0.0,365
CHANDIGARH-JAMMU,CHANDIGARH,JAMMU,3.0,0.0,0.0,90
CHANDIGARH-KOCHI,CHANDIGARH,KOCHI,342.0,0.0,0.0,61
CHANDIGARH-KOLKATA,CHANDIGARH,KOLKATA,33587.0,198.338,0.0,365
CHANDIGARH-KULLU,CHANDIGARH,KULLU,4241.0,0.0,0.0,365
CHANDIGARH-LEH,CHANDIGARH,LEH,13240.0,61.672,0.0,365
CHANDIGARH-LUCKNOW,CHANDIGARH,LUCKNOW,36597.0,25.764,0.0,365
CHANDIGARH-MUMBAI,CHANDIGARH,MUMBAI,408009.0,1889.7340599999998,1.77215,365
CHANDIGARH-PATNA,CHANDIGARH,PATNA,33170.0,36.68,0.0,306
CHANDIGARH-PUNE,CHANDIGARH,PUNE,57206.0,283.436,0.0,365
CHANDIGARH-RAIPUR,CHANDIGARH,RAIPUR,0.0,0.0,0.0,30
CHANDIGARH-SRINAGAR,CHANDIGARH,SRINAGAR,124449.0,112.723,0.0,365
CHANDIGARH-VADODARA,CHANDIGARH,VADODARA,372.0,0.029,0.0,245
CHENNAI-AGARTALA,CHENNAI,AGARTALA,9828.0,2.312,0.0,304
CHENNAI-AHMEDABAD,CHENNAI,AHMEDABAD,135802.0,1731.0230000000001,100.90899999999999,365
CHENNAI-ALLAHABAD,CHENNAI,ALLAHABAD,0.0,0.0,0.0,31
CHENNAI-AMRITSAR,CHENNAI,AMRITSAR,2126.0,6.475,0.0,306
CHENNAI-BAGDOGRA,CHENNAI,BAGDOGRA,58719.0,84.99817,4.497,365
CHENNAI-BENGALURU,CHENNAI,BENGALURU,461776.0,5199.74396,240.37089,365
CHENNAI-BHOPAL,CHENNAI,BHOPAL,5524.0,42.129000000000005,0.182,184
CHENNAI-BHUBANESWAR,CHENNAI,BHUBANESWAR,80691.0,393.333,106.45400000000001,365
CHENNAI-CHANDIGARH,CHENNAI,CHANDIGARH,42759.0,329.996,32.197,306
CHENNAI-COIMBATORE,CHENNAI,COIMBATORE,363998.0,170.971,3.351,365
CHENNAI-DABOLIM,CHENNAI,DABOLIM,71361.0,158.78014000000002,8.644,365
CHENNAI-DARBHANGA,CHENNAI,DARBHANGA,4462.0,0.439,0.0,365
CHENNAI-DEHRA DUN,CHENNAI,DEHRA DUN,9399.0,8.838,0.0,365
CHENNAI-DELHI,CHENNAI,DELHI,952666.0,12394.27202,803.71892,365
CHENNAI-DIBRUGARH,CHENNAI,DIBRUGARH,6519.0,2.1870000000000003,0.0,365
CHENNAI-DURGAPUR,CHENNAI,DURGAPUR,47988.0,21.625,0.0,365
CHENNAI-GORAKHPUR,CHENNAI,GORAKHPUR,817.0,0.0,0.0,243
CHENNAI-GUWAHATI,CHENNAI,GUWAHATI,148011.0,1150.52159,98.51226,365
CHENNAI-HUBLI,CHENNAI,HUBLI,18381.0,0.9309999999999999,6.131,365
CHENNAI-HYDERABAD,CHENNAI,HYDERABAD,522429.0,5892.979,359.71849,365
CHENNAI-INDORE,CHENNAI,INDORE,24083.0,538.093,28.969,365
CHENNAI-JABALPUR,CHENNAI,JABALPUR,854.0,8.230449999999998,0.0,92
CHENNAI-JAIPUR,CHENNAI,JAIPUR,57016.0,204.12199999999999,57.7115,365
CHENNAI-JODHPUR,CHENNAI,JODHPUR,60631.0,99.46663,36.582,365
CHENNAI-KADAPA,CHENNAI,KADAPA,2591.0,0.451,0.0,306
CHENNAI-KANNUR,CHENNAI,KANNUR,22088.0,4.42,0.0,365
CHENNAI-KANPUR,CHENNAI,KANPUR,148.0,0.003,0.0,92
CHENNAI-KOCHI,CHENNAI,KOCHI,221853.0,329.78289,133.993,365
CHENNAI-KOLHAPUR,CHENNAI,KOLHAPUR,0.0,0.0,0.0,31
CHENNAI-KOLKATA,CHENNAI,KOLKATA,434639.0,3153.48617,145.7685,365
CHENNAI-KOZHIKODE,CHENNAI,KOZHIKODE,24286.0,6.12,5.322,365
CHENNAI-KURNOOL,CHENNAI,KURNOOL,5167.0,0.656,0.0,365
CHENNAI-LUCKNOW,CHENNAI,LUCKNOW,45384.0,300.554,68.026,365
CHENNAI-MADURAI,CHENNAI,MADURAI,167295.0,34.9425,14.05925490053298,365
CHENNAI-MANGALORE,CHENNAI,MANGALORE,23775.0,1.239,9.816,365
CHENNAI-MUMBAI,CHENNAI,MUMBAI,905671.0,7262.09707,489.5953633078101,365
CHENNAI-MYSORE,CHENNAI,MYSORE,20622.0,0.586,0.0,365
CHENNAI-NAGPUR,CHENNAI,NAGPUR,18539.0,51.692,8.115,304
CHENNAI-NASIK,CHENNAI,NASIK,1133.0,0.0,0.0,184
CHENNAI-PATNA,CHENNAI,PATNA,40686.0,176.53552,48.367,365
CHENNAI-PORT BLAIR,CHENNAI,PORT BLAIR,203319.0,1594.54097,31.877,365
CHENNAI-PUNE,CHENNAI,PUNE,234634.0,2998.28404,79.52,365
CHENNAI-RAIPUR,CHENNAI,RAIPUR,30665.0,110.037,14.592,365
CHENNAI-RAJAHMUNDRY,CHENNAI,RAJAHMUNDRY,21688.0,1.5290000000000001,0.0,365
CHENNAI-RAJKOT,CHENNAI,RAJKOT,0.0,0.0,0.0,30
CHENNAI-RANCHI,CHENNAI,RANCHI,43377.0,261.7715,16.57,365
CHENNAI-SHIRDI,CHENNAI,SHIRDI,68610.0,328.1762,5.266,365
CHENNAI-SRINAGAR,CHENNAI,SRINAGAR,5597.0,4.939,0.0,306
CHENNAI-SURAT,CHENNAI,SURAT,30936.0,405.435,14.296,337
CHENNAI-TIRUCHIRAPALLY,CHENNAI,TIRUCHIRAPALLY,80900.0,12.607,2.916,365
CHENNAI-TIRUPATI,CHENNAI,TIRUPATI,112.0,0.0,0.0,61
CHENNAI-TRIVANDRUM,CHENNAI,TRIVANDRUM,139102.0,64.548,77.67399999999999,365
CHENNAI-TUTICORIN,CHENNAI,TUTICORIN,77595.0,2.2279999999999998,0.0,365
CHENNAI-UDAIPUR,CHENNAI,UDAIPUR,153.0,0.0,0.0,60
CHENNAI-VADODARA,CHENNAI,VADODARA,7697.0,66.42,1.033,275
CHENNAI-VARANASI,CHENNAI,VARANASI,40967.0,22.31849,24.948999999999998,365
CHENNAI-VIJAYAWADA,CHENNAI,VIJAYAWADA,42540.0,32.256,13.932,365
CHENNAI-VISAKHAPATNAM,CHENNAI,VISAKHAPATNAM,111797.0,319.959,88.848,365
COIMBATORE-AHMEDABAD,COIMBATORE,AHMEDABAD,7095.0,96.692,0.0,365
COIMBATORE-BENGALURU,COIMBATORE,BENGALURU,140222.0,347.777,0.281,365
COIMBATORE-CHENNAI,COIMBATORE,CHENNAI,355361.0,271.801,0.601,365
COIMBATORE-DABOLIM,COIMBATORE,DABOLIM,2526.0,0.5770000000000001,0.0,123
COIMBATORE-DELHI,COIMBATORE,DELHI,152383.0,1498.6613,0.0,365
COIMBATORE-DURGAPUR,COIMBATORE,DURGAPUR,173.0,0.0,0.0,61
COIMBATORE-GUWAHATI,COIMBATORE,GUWAHATI,4940.0,4.603,0.0,365
COIMBATORE-HYDERABAD,COIMBATORE,HYDERABAD,190143.0,453.372,0.0,365
COIMBATORE-JAIPUR,COIMBATORE,JAIPUR,6007.0,30.307000000000002,0.0,365
COIMBATORE-KOCHI,COIMBATORE,KOCHI,496.0,8.9789,0.0,121
COIMBATORE-KOLKATA,COIMBATORE,KOLKATA,826.0,4.709,0.0,92
COIMBATORE-KOZHIKODE,COIMBATORE,KOZHIKODE,172.0,0.0,0.0,31
COIMBATORE-MANGALORE,COIMBATORE,MANGALORE,1791.0,27.1285,0.0,212
COIMBATORE-MUMBAI,COIMBATORE,MUMBAI,188655.0,1619.16476,62.459,365
COIMBATORE-MYSORE,COIMBATORE,MYSORE,58.0,0.0,0.0,31
COIMBATORE-PUNE,COIMBATORE,PUNE,36789.0,78.096,0.196,337
COIMBATORE-RAIPUR,COIMBATORE,RAIPUR,256.0,0.0,0.0,61
COIMBATORE-SURAT,COIMBATORE,SURAT,5547.0,3.8,0.0,337
COIMBATORE-TIRUPATI,COIMBATORE,TIRUPATI,3238.0,0.0,0.0,276
COIMBATORE-TRIVANDRUM,COIMBATORE,TRIVANDRUM,0.0,0.0,0.0,31
COIMBATORE-VISAKHAPATNAM,COIMBATORE,VISAKHAPATNAM,658.0,1.91,0.0,306
DABOLIM-AHMEDABAD,DABOLIM,AHMEDABAD,210505.0,202.01001000000002,4.373,365
DABOLIM-AMRITSAR,DABOLIM,AMRITSAR,16182.0,2.073,0.502,276
DABOLIM-BENGALURU,DABOLIM,BENGALURU,484761.0,1010.067034,21.262999999999998,365
DABOLIM-BHUBANESWAR,DABOLIM,BHUBANESWAR,1264.0,0.0,0.05,31
DABOLIM-CHANDIGARH,DABOLIM,CHANDIGARH,75357.0,30.894000000000002,1.069,365
DABOLIM-CHENNAI,DABOLIM,CHENNAI,70744.0,217.08241999999998,13.987,365
DABOLIM-COIMBATORE,DABOLIM,COIMBATORE,2106.0,1.364,0.14,123
DABOLIM-DARBHANGA,DABOLIM,DARBHANGA,0.0,0.0,0.0,61
DABOLIM-DELHI,DABOLIM,DELHI,967634.0,1455.85692,29.999,365
DABOLIM-GUWAHATI,DABOLIM,GUWAHATI,4738.0,5.24,0.006,245
DABOLIM-HYDERABAD,DABOLIM,HYDERABAD,454813.0,408.582674,6.5169999999999995,365
DABOLIM-INDORE,DABOLIM,INDORE,40772.0,8.661,1.946,365
DABOLIM-JAIPUR,DABOLIM,JAIPUR,44811.0,19.697,1.538,365
DABOLIM-KANNUR,DABOLIM,KANNUR,2868.0,0.0,0.0,120
DABOLIM-KOCHI,DABOLIM,KOCHI,4315.0,4.44326,0.488,90
DABOLIM-KOLKATA,DABOLIM,KOLKATA,83532.0,180.58116,14.316,365
DABOLIM-LUCKNOW,DABOLIM,LUCKNOW,64930.0,67.2425,4.33,365
DABOLIM-MUMBAI,DABOLIM,MUMBAI,1052303.0,1199.64003,44.74,365
DABOLIM-MYSORE,DABOLIM,MYSORE,12265.0,0.0,0.0,365
DABOLIM-NAGPUR,DABOLIM,NAGPUR,29522.0,29.569000000000003,1.077,307
DABOLIM-PUNE,DABOLIM,PUNE,110827.0,57.425760000000004,0.007,365
DABOLIM-RAIPUR,DABOLIM,RAIPUR,13667.0,3.5140000000000002,0.752,365
DABOLIM-RAJKOT,DABOLIM,RAJKOT,18823.0,39.18362,0.0,365
DABOLIM-SURAT,DABOLIM,SURAT,63531.0,101.43771,1.649,365
DABOLIM-TRIVANDRUM,DABOLIM,TRIVANDRUM,0.0,0.0,0.0,31
DABOLIM-VARANASI,DABOLIM,VARANASI,19.0,0.0,0.0,61
DABOLIM-VIJAYAWADA,DABOLIM,VIJAYAWADA,0.0,0.0,0.0,92
DARBHANGA-BENGALURU,DARBHANGA,BENGALURU,79165.0,338.26664999999997,0.0,365
DARBHANGA-CHENNAI,DARBHANGA,CHENNAI,2504.0,1.121,0.0,365
DARBHANGA-DABOLIM,DARBHANGA,DABOLIM,15.0,0.0,0.0,61
DARBHANGA-DELHI,DARBHANGA,DELHI,91654.0,215.93017,0.0,365
DARBHANGA-HYDERABAD,DARBHANGA,HYDERABAD,42003.0,5.381,0.0,365
DARBHANGA-KOLKATA,DARBHANGA,KOLKATA,30539.0,22.557000000000002,0.0,365
DARBHANGA-MUMBAI,DARBHANGA,MUMBAI,69721.0,217.84718,0.0,365
DEHRA DUN-AHMEDABAD,DEHRA DUN,AHMEDABAD,53146.0,21.683970000000002,0.004,365
DEHRA DUN-ALLAHABAD,DEHRA DUN,ALLAHABAD,16817.0,0.048,0.0,365
DEHRA DUN-AMRITSAR,DEHRA DUN,AMRITSAR,333.0,0.0,0.0,92
DEHRA DUN-BENGALURU,DEHRA DUN,BENGALURU,67795.0,432.391,0.6849999999999999,365
DEHRA DUN-BHUBANESWAR,DEHRA DUN,BHUBANESWAR,552.0,0.10300000000000001,0.001,214
DEHRA DUN-CHANDIGARH,DEHRA DUN,CHANDIGARH,1995.0,11.3657,0.0,215
DEHRA DUN-CHENNAI,DEHRA DUN,CHENNAI,9339.0,260.65,0.20600000000000002,365
DEHRA DUN-DELHI,DEHRA DUN,DELHI,299954.0,200.864454,4.194,365
DEHRA DUN-GUWAHATI,DEHRA DUN,GUWAHATI,4357.0,1.91,0.0,245
DEHRA DUN-HYDERABAD,DEHRA DUN,HYDERABAD,39268.0,22.815,0.333,306
DEHRA DUN-JAIPUR,DEHRA DUN,JAIPUR,28845.0,0.031,0.005,337
DEHRA DUN-KOLKATA,DEHRA DUN,KOLKATA,14124.0,4.9030000000000005,0.002,245
DEHRA DUN-LUCKNOW,DEHRA DUN,LUCKNOW,44392.0,5.413398999999999,1.7091680000000002,365
DEHRA DUN-MUMBAI,DEHRA DUN,MUMBAI,156975.0,79.9966,6.138,365
DEHRA DUN-PANTNAGAR,DEHRA DUN,PANTNAGAR,7504.0,0.0,0.0,304
DEHRA DUN-PATNA,DEHRA DUN,PATNA,0.0,0.0,0.0,92
DEHRA DUN-PUNE,DEHRA DUN,PUNE,7726.0,7.3180000000000005,0.0,306
DEHRA DUN-VARANASI,DEHRA DUN,VARANASI,9106.0,11.09316,0.0,245
DELHI-AGARTALA,DELHI,AGARTALA,60670.0,249.6685,27.481714044706873,365
DELHI-AHMEDABAD,DELHI,AHMEDABAD,930275.0,14662.861108000001,187.174306,365
DELHI-AIZAWL,DELHI,AIZAWL,22640.0,84.4237,2.627,365
DELHI-AJMER,DELHI,AJMER,13212.0,0.026,0.0,243
DELHI-ALLAHABAD,DELHI,ALLAHABAD,57689.0,16.4083,59.814024,365
DELHI-AMRITSAR,DELHI,AMRITSAR,382841.0,602.12506,3.1265774647887326,365
DELHI-AURANGABAD,DELHI,AURANGABAD,84812.0,557.489,5.08,365
DELHI-BAGDOGRA,DELHI,BAGDOGRA,479955.0,2681.4592199999997,48.059,365
DELHI-BAREILLY,DELHI,BAREILLY,14192.0,0.00333,0.0,365
DELHI-BELGAUM,DELHI,BELGAUM,30028.0,2.50368,0.0,365
DELHI-BENGALURU,DELHI,BENGALURU,1985878.0,27605.94501,302.57088090692287,365
DELHI-BHOPAL,DELHI,BHOPAL,212878.0,1097.3914,118.5312995325126,365
DELHI-BHUBANESWAR,DELHI,BHUBANESWAR,483493.0,3364.03561,255.28833689062293,365
DELHI-BIKANER,DELHI,BIKANER,14135.0,0.11492,0.0,365
DELHI-BILASPUR,DELHI,BILASPUR,5324.0,0.0,0.0,365
DELHI-CHANDIGARH,DELHI,CHANDIGARH,362923.0,490.30822,29.292040999999998,365
DELHI-CHENNAI,DELHI,CHENNAI,959096.0,11693.40129,244.63557575560355,365
DELHI-COIMBATORE,DELHI,COIMBATORE,150146.0,1487.74972,25.795,365
DELHI-DABOLIM,DELHI,DABOLIM,949040.0,2266.13324,25.90150110011001,365
DELHI-DARBHANGA,DELHI,DARBHANGA,91595.0,278.23555,0.0,365
DELHI-DEHRA DUN,DELHI,DEHRA DUN,297887.0,146.330883,86.583,365
DELHI-DHARAMSALA,DELHI,DHARAMSALA,78108.0,0.61404,0.043549,365
DELHI-DIBRUGARH,DELHI,DIBRUGARH,131386.0,319.47,36.1685,365
DELHI-DIMAPUR,DELHI,DIMAPUR,31467.0,40.698,1.9859999999999998,365
DELHI-DURGAPUR,DELHI,DURGAPUR,51233.0,16.75,0.0,365
DELHI-Deoghar Airport,DELHI,Deoghar Airport,18686.0,2.054,0.0,184
DELHI-GAYA,DELHI,GAYA,42237.0,2.5100000000000002,0.0,365
DELHI-GORAKHPUR,DELHI,GORAKHPUR,146673.0,168.55285,120.91499999999999,365
DELHI-GUWAHATI,DELHI,GUWAHATI,694884.0,5474.96991,323.2965,365
DELHI-GWALIOR,DELHI,GWALIOR,21328.0,4.484,0.0,365
DELHI-HUBLI,DELHI,HUBLI,8020.0,0.635,0.0,61
DELHI-HYDERABAD,DELHI,HYDERABAD,1216946.0,12759.100838,291.3525614090637,365
DELHI-IMPHAL,DELHI,IMPHAL,103052.0,1159.4022,52.157,365
DELHI-INDORE,DELHI,INDORE,352074.0,2246.97226,165.7536155124654,365
DELHI-JABALPUR,DELHI,JABALPUR,79852.0,81.32105,0.0,365
DELHI-JAGDALPUR,DELHI,JAGDALPUR,2223.0,0.004,0.0,245
DELHI-JAIPUR,DELHI,JAIPUR,275817.0,435.46028,137.6985,365
DELHI-JAISALMER,DELHI,JAISALMER,20473.0,0.7064999999999999,0.0,182
DELHI-JAMMU,DELHI,JAMMU,412587.0,665.8789100000001,24.18,365
DELHI-JHARSUGUDA,DELHI,JHARSUGUDA,48136.0,70.77987,0.0,365
DELHI-JODHPUR,DELHI,JODHPUR,117330.0,39.508649999999996,13.642906077348066,365
DELHI-JORHAT,DELHI,JORHAT,10394.0,1.163,0.0,365
DELHI-KANDLA,DELHI,KANDLA,19598.0,0.2205,0.0,334
DELHI-KANNUR,DELHI,KANNUR,15551.0,6.7940000000000005,0.0,365
DELHI-KANPUR,DELHI,KANPUR,22672.0,19.181720000000002,0.0,365
DELHI-KHAJURAHO,DELHI,KHAJURAHO,8542.0,0.0,0.0,334
DELHI-KOCHI,DELHI,KOCHI,421933.0,4517.52963,214.387,365
DELHI-KOLKATA,DELHI,KOLKATA,1290370.0,18698.612090000002,498.2978731615966,365
DELHI-KOZHIKODE,DELHI,KOZHIKODE,89047.0,329.5648,15.441,365
DELHI-KULLU,DELHI,KULLU,8806.0,0.182715,0.558125,365
DELHI-Kushinagar International Airport,DELHI,Kushinagar International Airport,13171.0,0.0,0.0,365
DELHI-LEH,DELHI,LEH,464365.0,2273.38008,103.02828000000001,365
DELHI-LUCKNOW,DELHI,LUCKNOW,594012.0,2214.727194,442.134,365
DELHI-MADURAI,DELHI,MADURAI,42673.0,215.118,3.26,337
DELHI-MANGALORE,DELHI,MANGALORE,16202.0,12.177,0.0,306
DELHI-MUMBAI,DELHI,MUMBAI,2550082.0,33688.30344,403.89757154891186,365
DELHI-NAGPUR,DELHI,NAGPUR,239562.0,2207.35804,115.317,365
DELHI-NASIK,DELHI,NASIK,19782.0,115.4722,0.0,365
DELHI-PAKYONG,DELHI,PAKYONG,10747.0,0.40473000000000003,0.0,273
DELHI-PANTNAGAR,DELHI,PANTNAGAR,23343.0,2.246,0.0,365
DELHI-PATHANKOT,DELHI,PATHANKOT,3824.0,0.0,0.0,242
DELHI-PATNA,DELHI,PATNA,773469.0,4904.98835,385.97658785908993,365
DELHI-PORBANDAR,DELHI,PORBANDAR,2372.0,0.0,0.0,153
DELHI-PORT BLAIR,DELHI,PORT BLAIR,50225.0,388.2164,1.8310000000000002,365
DELHI-PUNE,DELHI,PUNE,1148670.0,11950.52686,115.42393267228863,365
DELHI-RAIPUR,DELHI,RAIPUR,343468.0,2372.3375300000002,171.295662,365
DELHI-RAJKOT,DELHI,RAJKOT,141226.0,191.99469,0.134,365
DELHI-RANCHI,DELHI,RANCHI,436493.0,2955.33974,222.84706263825822,365
DELHI-SHILLONG,DELHI,SHILLONG,343.0,0.0,0.0,61
DELHI-SHIRDI,DELHI,SHIRDI,101164.0,379.76773000000003,0.215,365
DELHI-SILCHAR,DELHI,SILCHAR,20667.0,3.348,0.0,365
DELHI-SIMLA,DELHI,SIMLA,2952.0,0.2232,0.0,92
DELHI-SRINAGAR,DELHI,SRINAGAR,1385798.0,5781.44684,204.45968,365
DELHI-SURAT,DELHI,SURAT,239061.0,1022.2464,45.3,365
DELHI-TIRUCHIRAPALLY,DELHI,TIRUCHIRAPALLY,9430.0,1.116,0.0,337
DELHI-TIRUPATI,DELHI,TIRUPATI,31459.0,22.636,0.0,365
DELHI-TRIVANDRUM,DELHI,TRIVANDRUM,136773.0,562.73357,43.84888888888889,365
DELHI-UDAIPUR,DELHI,UDAIPUR,232048.0,61.53405,0.9480000000000001,365
DELHI-VADODARA,DELHI,VADODARA,208522.0,505.6404,24.50856169324674,365
DELHI-VARANASI,DELHI,VARANASI,367067.0,1214.03296,191.524,365
DELHI-VIJAYAWADA,DELHI,VIJAYAWADA,98109.0,748.186,0.0,365
DELHI-VISAKHAPATNAM,DELHI,VISAKHAPATNAM,224343.0,1447.6317,54.4185,365
DHARAMSALA-CHANDIGARH,DHARAMSALA,CHANDIGARH,11634.0,0.42843000000000003,0.0,365
DHARAMSALA-DELHI,DHARAMSALA,DELHI,67516.0,0.13024000000000002,0.048839999999999995,365
DHARAMSALA-JAIPUR,DHARAMSALA,JAIPUR,3592.0,0.0,0.0,245
DHARAMSALA-SIMLA,DHARAMSALA,SIMLA,36.0,0.0,0.0,31
DIBRUGARH-AGARTALA,DIBRUGARH,AGARTALA,14231.0,0.0,0.0,365
DIBRUGARH-BAGDOGRA,DIBRUGARH,BAGDOGRA,27328.0,21.964,0.0,365
DIBRUGARH-BENGALURU,DIBRUGARH,BENGALURU,2414.0,0.183,0.017,62
DIBRUGARH-CHENNAI,DIBRUGARH,CHENNAI,7014.0,23.577,0.002,365
DIBRUGARH-DELHI,DIBRUGARH,DELHI,100606.0,70.369,36.755,365
DIBRUGARH-DIMAPUR,DIBRUGARH,DIMAPUR,1825.0,0.001,0.036,337
DIBRUGARH-GUWAHATI,DIBRUGARH,GUWAHATI,41412.0,7.93,0.9530000000000001,365
DIBRUGARH-HYDERABAD,DIBRUGARH,HYDERABAD,0.0,0.0,0.0,31
"DIBRUGARH-Hollongi Airport, Itanagar",DIBRUGARH,"Hollongi Airport, Itanagar",98.0,0.0,0.0,31
DIBRUGARH-IMPHAL,DIBRUGARH,IMPHAL,9992.0,0.032,0.0,337
DIBRUGARH-ITANAGAR,DIBRUGARH,ITANAGAR,3.0,0.0,0.0,30
DIBRUGARH-KOLKATA,DIBRUGARH,KOLKATA,108124.0,322.806,41.577,365
DIBRUGARH-LILABARI,DIBRUGARH,LILABARI,12.0,0.0,0.0,30
DIBRUGARH-MUMBAI,DIBRUGARH,MUMBAI,4450.0,2.044,0.10200000000000001,365
DIBRUGARH-PASIGHAT,DIBRUGARH,PASIGHAT,13.0,0.006975,0.0,61
DIBRUGARH-SHILLONG,DIBRUGARH,SHILLONG,3153.0,0.0,0.0,365
DIBRUGARH-TEZU,DIBRUGARH,TEZU,14.0,0.0,0.0,92
DIBRUGARH-ZIRO,DIBRUGARH,ZIRO,26.0,0.0,0.078551,61
DIBRUGARH-Zero Airport,DIBRUGARH,Zero Airport,1.0,0.0,0.0,31
DIMAPUR-AIZAWL,DIMAPUR,AIZAWL,136.0,0.0,0.0,92
DIMAPUR-BENGALURU,DIMAPUR,BENGALURU,7705.0,19.976999999999997,0.0,365
DIMAPUR-DELHI,DIMAPUR,DELHI,33688.0,88.16799999999999,34.195,365
DIMAPUR-DIBRUGARH,DIMAPUR,DIBRUGARH,1116.0,0.003,2.042,337
DIMAPUR-GUWAHATI,DIMAPUR,GUWAHATI,13818.0,88.33979,0.0,365
DIMAPUR-HYDERABAD,DIMAPUR,HYDERABAD,0.0,0.0,0.0,59
DIMAPUR-IMPHAL,DIMAPUR,IMPHAL,12992.0,58.51,0.0,365
DIMAPUR-KOLKATA,DIMAPUR,KOLKATA,67419.0,61.1777,110.866,365
DIMAPUR-LILABARI,DIMAPUR,LILABARI,0.0,0.0,0.0,61
DIMAPUR-MUMBAI,DIMAPUR,MUMBAI,1351.0,0.642,0.0,365
DIMAPUR-SHILLONG,DIMAPUR,SHILLONG,2609.0,0.01882,0.0,365
DIU-MUMBAI,DIU,MUMBAI,19605.0,0.0,0.0,365
DIU-PUNE,DIU,PUNE,0.0,0.0,0.0,62
DURGAPUR-AHMEDABAD,DURGAPUR,AHMEDABAD,2072.0,0.0,0.0,306
DURGAPUR-BENGALURU,DURGAPUR,BENGALURU,53743.0,35.818,0.0,365
DURGAPUR-CHENNAI,DURGAPUR,CHENNAI,48131.0,47.433519999999994,0.0,365
DURGAPUR-COIMBATORE,DURGAPUR,COIMBATORE,111.0,0.0,0.0,61
DURGAPUR-DELHI,DURGAPUR,DELHI,51321.0,3.174,0.0,365
DURGAPUR-GUWAHATI,DURGAPUR,GUWAHATI,1892.0,0.1517,0.0,153
DURGAPUR-HYDERABAD,DURGAPUR,HYDERABAD,32385.0,13.143,0.0,365
DURGAPUR-KOLKATA,DURGAPUR,KOLKATA,0.0,0.0,0.0,30
DURGAPUR-LUCKNOW,DURGAPUR,LUCKNOW,3.0,0.0,0.0,31
DURGAPUR-MUMBAI,DURGAPUR,MUMBAI,45482.0,13.995140000000001,0.0,365
DURGAPUR-SHIRDI,DURGAPUR,SHIRDI,0.0,0.0,0.0,92
DURGAPUR-SRINAGAR,DURGAPUR,SRINAGAR,0.0,0.0,0.0,123
DURGAPUR-TRIVANDRUM,DURGAPUR,TRIVANDRUM,372.0,0.0,0.0,245
DURGAPUR-VADODARA,DURGAPUR,VADODARA,0.0,0.0,0.0,245
Deoghar Airport-DELHI,Deoghar Airport,DELHI,17461.0,0.0,0.0,184
Deoghar Airport-KOLKATA,Deoghar Airport,KOLKATA,4704.0,0.0,0.0,184
GAYA-DELHI,GAYA,DELHI,40584.0,0.0,0.0,365
GAYA-JAIPUR,GAYA,JAIPUR,6.0,0.0,0.0,30
GAYA-KOLKATA,GAYA,KOLKATA,18511.0,0.0,0.0,365
GAYA-MUMBAI,GAYA,MUMBAI,1306.0,0.0,0.0,184
GHAZIABAD-HUBLI,GHAZIABAD,HUBLI,8799.0,0.0,0.0,365
GHAZIABAD-KALABURAGI,GHAZIABAD,KALABURAGI,4466.0,0.0,0.0,365
GORAKHPUR-ALLAHABAD,GORAKHPUR,ALLAHABAD,8819.0,0.0,0.0,365
GORAKHPUR-BENGALURU,GORAKHPUR,BENGALURU,14802.0,0.0,0.0,365
GORAKHPUR-CHENNAI,GORAKHPUR,CHENNAI,0.0,0.0,0.0,243
GORAKHPUR-DELHI,GORAKHPUR,DELHI,139727.0,45.97010000000001,0.0,365
GORAKHPUR-HYDERABAD,GORAKHPUR,HYDERABAD,45187.0,0.0,0.0,365
GORAKHPUR-JAIPUR,GORAKHPUR,JAIPUR,98.0,0.0,0.0,61
GORAKHPUR-KANPUR,GORAKHPUR,KANPUR,1496.0,0.8588,0.0,153
GORAKHPUR-KOLKATA,GORAKHPUR,KOLKATA,20925.0,0.0,0.0,365
GORAKHPUR-LUCKNOW,GORAKHPUR,LUCKNOW,7165.0,0.0,0.0,365
GORAKHPUR-MUMBAI,GORAKHPUR,MUMBAI,95874.0,1.9140300000000001,0.0,365
GORAKHPUR-VARANASI,GORAKHPUR,VARANASI,3774.0,1.0116,0.0,184
GUWAHATI-AGARTALA,GUWAHATI,AGARTALA,77860.0,318.854,51.499,365
GUWAHATI-AHMEDABAD,GUWAHATI,AHMEDABAD,5289.0,25.003,0.074,245
GUWAHATI-AIZAWL,GUWAHATI,AIZAWL,43487.0,53.4942,49.088,365
GUWAHATI-AMRITSAR,GUWAHATI,AMRITSAR,3599.0,0.0,0.0,334
GUWAHATI-BAGDOGRA,GUWAHATI,BAGDOGRA,3768.0,48.96988,0.0,304
GUWAHATI-BENGALURU,GUWAHATI,BENGALURU,251453.0,580.73184,56.5698,365
GUWAHATI-CHANDIGARH,GUWAHATI,CHANDIGARH,10086.0,1.897,0.0,365
GUWAHATI-CHENNAI,GUWAHATI,CHENNAI,153655.0,262.01169999999996,13.802800000000001,365
GUWAHATI-COIMBATORE,GUWAHATI,COIMBATORE,2549.0,0.41400000000000003,0.0,365
GUWAHATI-DABOLIM,GUWAHATI,DABOLIM,4.0,0.0,0.0,245
GUWAHATI-DEHRA DUN,GUWAHATI,DEHRA DUN,2955.0,0.0,0.0,245
GUWAHATI-DELHI,GUWAHATI,DELHI,706198.0,1585.72004,194.08165,365
GUWAHATI-DIBRUGARH,GUWAHATI,DIBRUGARH,26631.0,1.032,38.731,365
GUWAHATI-DIMAPUR,GUWAHATI,DIMAPUR,11445.0,8.2001,0.0,365
GUWAHATI-DURGAPUR,GUWAHATI,DURGAPUR,1958.0,14.529110000000001,0.0,153
GUWAHATI-HYDERABAD,GUWAHATI,HYDERABAD,60074.0,57.037,25.149,365
GUWAHATI-IMPHAL,GUWAHATI,IMPHAL,185771.0,632.18012,76.08029124198949,365
GUWAHATI-JAIPUR,GUWAHATI,JAIPUR,59917.0,203.10522,0.887,365
GUWAHATI-JODHPUR,GUWAHATI,JODHPUR,1224.0,0.078,0.0,365
GUWAHATI-JORHAT,GUWAHATI,JORHAT,10198.0,1.198,0.0,365
GUWAHATI-KOLKATA,GUWAHATI,KOLKATA,424224.0,990.14445,108.004,365
GUWAHATI-LILABARI,GUWAHATI,LILABARI,2795.0,0.50388,0.0,243
GUWAHATI-LUCKNOW,GUWAHATI,LUCKNOW,41831.0,11.398,0.085,365
GUWAHATI-MUMBAI,GUWAHATI,MUMBAI,149652.0,524.9783600000001,26.20419,365
GUWAHATI-PASIGHAT,GUWAHATI,PASIGHAT,5589.0,2.1792,0.0,365
GUWAHATI-PATNA,GUWAHATI,PATNA,38460.0,16.21265,0.0,365
GUWAHATI-PUNE,GUWAHATI,PUNE,38696.0,108.687,0.115,365
GUWAHATI-RUPSI,GUWAHATI,RUPSI,9292.0,0.0,0.0,365
GUWAHATI-SHILLONG,GUWAHATI,SHILLONG,1064.0,0.01244,0.0,365
GUWAHATI-SILCHAR,GUWAHATI,SILCHAR,43041.0,165.97042,10.789,365
GUWAHATI-TEZPUR,GUWAHATI,TEZPUR,1427.0,0.620273,0.0,365
GUWAHATI-TEZU,GUWAHATI,TEZU,7014.0,0.0,0.0,365
GUWAHATI-UDAIPUR,GUWAHATI,UDAIPUR,270.0,0.1,0.0,123
GUWAHATI-VARANASI,GUWAHATI,VARANASI,5079.0,9.854099999999999,0.0,245
GUWAHATI-VISAKHAPATNAM,GUWAHATI,VISAKHAPATNAM,0.0,0.0,0.0,31
GWALIOR-AHMEDABAD,GWALIOR,AHMEDABAD,9960.0,16.73099,0.0,243
GWALIOR-BENGALURU,GWALIOR,BENGALURU,25977.0,20.605159999999998,0.0,365
GWALIOR-BHOPAL,GWALIOR,BHOPAL,5.0,0.0,0.0,59
GWALIOR-DELHI,GWALIOR,DELHI,25195.0,0.0031509999999999997,0.0,365
GWALIOR-HYDERABAD,GWALIOR,HYDERABAD,9107.0,2.6496399999999998,0.0,273
GWALIOR-INDORE,GWALIOR,INDORE,10713.0,0.0,0.0,365
GWALIOR-JABALPUR,GWALIOR,JABALPUR,124.0,0.0,0.0,92
GWALIOR-JAIPUR,GWALIOR,JAIPUR,17.0,0.0,0.0,90
GWALIOR-JAMMU,GWALIOR,JAMMU,5946.0,0.19262,0.0,212
GWALIOR-KOLKATA,GWALIOR,KOLKATA,12127.0,47.72189,0.0,273
GWALIOR-MUMBAI,GWALIOR,MUMBAI,14930.0,5.33254,0.0,365
Gondia Airport-HYDERABAD,Gondia Airport,HYDERABAD,4282.0,0.0,0.0,184
Gondia Airport-INDORE,Gondia Airport,INDORE,5389.0,0.0,0.0,184
HUBLI-BENGALURU,HUBLI,BENGALURU,54198.0,2.3,15.575,365
HUBLI-CHENNAI,HUBLI,CHENNAI,19461.0,4.734,0.0,365
HUBLI-DELHI,HUBLI,DELHI,7583.0,0.0,0.0,61
HUBLI-GHAZIABAD,HUBLI,GHAZIABAD,8702.0,0.0,0.0,365
HUBLI-HYDERABAD,HUBLI,HYDERABAD,15305.0,0.406,0.08,275
HUBLI-KANNUR,HUBLI,KANNUR,1364.0,0.27,0.0,120
HUBLI-KOCHI,HUBLI,KOCHI,815.0,0.12,0.0,31
HUBLI-MANGALORE,HUBLI,MANGALORE,5071.0,0.022,0.0,245
HUBLI-MUMBAI,HUBLI,MUMBAI,21573.0,1.646,0.323,365
HUBLI-MYSORE,HUBLI,MYSORE,2818.0,0.002,0.0,245
HUBLI-TIRUPATI,HUBLI,TIRUPATI,871.0,0.0,0.0,120
HYDERABAD-AHMEDABAD,HYDERABAD,AHMEDABAD,182424.0,926.8029999999999,68.58200000000001,365
HYDERABAD-AJMER,HYDERABAD,AJMER,15590.0,4.365,0.0,243
HYDERABAD-AMRITSAR,HYDERABAD,AMRITSAR,2133.0,1.837,0.0,274
HYDERABAD-AURANGABAD,HYDERABAD,AURANGABAD,26537.0,2.471,3.7640000000000002,365
HYDERABAD-BAGDOGRA,HYDERABAD,BAGDOGRA,60223.0,183.30958,0.181,365
HYDERABAD-BELGAUM,HYDERABAD,BELGAUM,34570.0,24.65437,0.0,365
HYDERABAD-BENGALURU,HYDERABAD,BENGALURU,753116.0,1458.91462,247.271,365
HYDERABAD-BHOPAL,HYDERABAD,BHOPAL,24710.0,6.553,4.16,365
HYDERABAD-BHUBANESWAR,HYDERABAD,BHUBANESWAR,150328.0,346.29,47.012,365
HYDERABAD-CHANDIGARH,HYDERABAD,CHANDIGARH,115978.0,425.006,0.436,365
HYDERABAD-CHENNAI,HYDERABAD,CHENNAI,517249.0,5497.314510000001,316.4475,365
HYDERABAD-COIMBATORE,HYDERABAD,COIMBATORE,186324.0,135.516,1.044,365
HYDERABAD-DABOLIM,HYDERABAD,DABOLIM,434243.0,394.28319,1.1889999999999998,365
HYDERABAD-DARBHANGA,HYDERABAD,DARBHANGA,39616.0,3.387,0.0,365
HYDERABAD-DEHRA DUN,HYDERABAD,DEHRA DUN,38415.0,28.807000000000002,0.047999999999999994,306
HYDERABAD-DELHI,HYDERABAD,DELHI,1215981.0,10238.176449999999,177.53485453516538,365
HYDERABAD-DIBRUGARH,HYDERABAD,DIBRUGARH,60.0,0.002,0.0,31
HYDERABAD-DIMAPUR,HYDERABAD,DIMAPUR,52.0,0.003,0.0,59
HYDERABAD-DURGAPUR,HYDERABAD,DURGAPUR,29375.0,52.751000000000005,0.0,365
HYDERABAD-GORAKHPUR,HYDERABAD,GORAKHPUR,44476.0,36.003,2.184,365
HYDERABAD-GUWAHATI,HYDERABAD,GUWAHATI,58860.0,381.865,37.99,365
HYDERABAD-GWALIOR,HYDERABAD,GWALIOR,9762.0,39.37272,0.0,273
HYDERABAD-Gondia Airport,HYDERABAD,Gondia Airport,4108.0,0.0,0.0,184
HYDERABAD-HUBLI,HYDERABAD,HUBLI,14621.0,0.62,0.195,275
HYDERABAD-IMPHAL,HYDERABAD,IMPHAL,3490.0,15.215,0.0,365
HYDERABAD-INDORE,HYDERABAD,INDORE,117410.0,281.75,56.875,365
HYDERABAD-JABALPUR,HYDERABAD,JABALPUR,22773.0,5.537,0.0,365
HYDERABAD-JAGDALPUR,HYDERABAD,JAGDALPUR,14049.0,0.0,0.0,365
HYDERABAD-JAIPUR,HYDERABAD,JAIPUR,190989.0,315.757,13.95,365
HYDERABAD-JAMMU,HYDERABAD,JAMMU,5203.0,0.0,0.0,306
HYDERABAD-JAMNAGAR,HYDERABAD,JAMNAGAR,5989.0,0.0,0.0,365
HYDERABAD-JHARSUGUDA,HYDERABAD,JHARSUGUDA,12619.0,7.8908700000000005,0.0,243
HYDERABAD-JODHPUR,HYDERABAD,JODHPUR,31900.0,2.519,0.048,365
HYDERABAD-KADAPA,HYDERABAD,KADAPA,12019.0,0.508,0.0,306
HYDERABAD-KANDLA,HYDERABAD,KANDLA,0.0,0.0,0.0,62
HYDERABAD-KANNUR,HYDERABAD,KANNUR,20484.0,5.234,0.0,365
HYDERABAD-KANPUR,HYDERABAD,KANPUR,266.0,0.082,0.0,92
HYDERABAD-KOCHI,HYDERABAD,KOCHI,231530.0,353.46522,130.508,365
HYDERABAD-KOLHAPUR,HYDERABAD,KOLHAPUR,32898.0,4.115,0.0,365
HYDERABAD-KOLKATA,HYDERABAD,KOLKATA,468612.0,3295.63161,187.8615,365
HYDERABAD-KOZHIKODE,HYDERABAD,KOZHIKODE,21413.0,6.792,0.103,365
HYDERABAD-LUCKNOW,HYDERABAD,LUCKNOW,109745.0,335.20091,14.769,365
HYDERABAD-MADURAI,HYDERABAD,MADURAI,53035.0,24.329,2.9,365
HYDERABAD-MANGALORE,HYDERABAD,MANGALORE,49154.0,2.876,0.533,365
HYDERABAD-MUMBAI,HYDERABAD,MUMBAI,755211.0,7410.1228,302.637,365
HYDERABAD-MYSORE,HYDERABAD,MYSORE,33720.0,1.711,0.0,365
HYDERABAD-NAGPUR,HYDERABAD,NAGPUR,22699.0,21.476,0.002,365
HYDERABAD-NANDED,HYDERABAD,NANDED,120.0,0.0,0.0,28
HYDERABAD-NASIK,HYDERABAD,NASIK,8944.0,0.81336,0.0,184
HYDERABAD-PATNA,HYDERABAD,PATNA,116381.0,432.75326,52.903999999999996,365
HYDERABAD-PONDICHERRY,HYDERABAD,PONDICHERRY,19879.0,22.202479999999998,0.0,306
HYDERABAD-PORT BLAIR,HYDERABAD,PORT BLAIR,16729.0,25.015,0.601,243
HYDERABAD-PUNE,HYDERABAD,PUNE,183427.0,576.95348,23.811,365
HYDERABAD-RAIPUR,HYDERABAD,RAIPUR,99212.0,140.228,40.266,365
HYDERABAD-RAJAHMUNDRY,HYDERABAD,RAJAHMUNDRY,115048.0,7.558,0.0,365
HYDERABAD-RANCHI,HYDERABAD,RANCHI,67200.0,111.708,1.085,365
HYDERABAD-SHIRDI,HYDERABAD,SHIRDI,79189.0,98.06025,0.0,365
HYDERABAD-SRINAGAR,HYDERABAD,SRINAGAR,26878.0,9.334,0.0,304
HYDERABAD-SURAT,HYDERABAD,SURAT,47027.0,230.63,1.035,365
HYDERABAD-TIRUCHIRAPALLY,HYDERABAD,TIRUCHIRAPALLY,36675.0,5.558,0.406,365
HYDERABAD-TIRUPATI,HYDERABAD,TIRUPATI,276977.0,75.3904,36.51363254640476,365
HYDERABAD-TRIVANDRUM,HYDERABAD,TRIVANDRUM,62055.0,38.275999999999996,1.927,365
HYDERABAD-UDAIPUR,HYDERABAD,UDAIPUR,40812.0,10.388,0.0,365
HYDERABAD-VADODARA,HYDERABAD,VADODARA,59083.0,192.968,0.349,365
HYDERABAD-VARANASI,HYDERABAD,VARANASI,115128.0,84.442,5.094,365
HYDERABAD-VIDYANAGAR,HYDERABAD,VIDYANAGAR,2221.0,0.0,0.0,120
HYDERABAD-VIJAYAWADA,HYDERABAD,VIJAYAWADA,122964.0,50.163,63.434,365
HYDERABAD-VISAKHAPATNAM,HYDERABAD,VISAKHAPATNAM,344346.0,474.7512,98.096,365
"Hollongi Airport, Itanagar-DIBRUGARH","Hollongi Airport, Itanagar",DIBRUGARH,64.0,0.0,0.0,31
"Hollongi Airport, Itanagar-KOLKATA","Hollongi Airport, Itanagar",KOLKATA,2594.0,0.0,0.0,31
"Hollongi Airport, Itanagar-MUMBAI","Hollongi Airport, Itanagar",MUMBAI,174.0,0.0,0.0,31
"Hollongi Airport, Itanagar-PASIGHAT","Hollongi Airport, Itanagar",PASIGHAT,42.0,0.0,0.0,31
"Hollongi Airport, Itanagar-ZIRO","Hollongi Airport, Itanagar",ZIRO,32.0,0.0,0.0,31
IMPHAL-AGARTALA,IMPHAL,AGARTALA,18107.0,53.608000000000004,0.119,365
IMPHAL-AIZAWL,IMPHAL,AIZAWL,6122.0,1.14578,0.0,335
IMPHAL-BENGALURU,IMPHAL,BENGALURU,7364.0,577.819,0.0,365
IMPHAL-DELHI,IMPHAL,DELHI,103459.0,855.4633,3.065,365
IMPHAL-DIBRUGARH,IMPHAL,DIBRUGARH,10298.0,0.113,0.0,337
IMPHAL-DIMAPUR,IMPHAL,DIMAPUR,12887.0,1.55,0.0,365
IMPHAL-GUWAHATI,IMPHAL,GUWAHATI,202748.0,428.0585,39.44368,365
IMPHAL-HYDERABAD,IMPHAL,HYDERABAD,3745.0,663.105,0.0,365
IMPHAL-KOLKATA,IMPHAL,KOLKATA,175980.0,502.6518,11.591000000000001,365
IMPHAL-MUMBAI,IMPHAL,MUMBAI,5940.0,160.022,0.0,365
IMPHAL-SHILLONG,IMPHAL,SHILLONG,9087.0,0.0,0.0,365
IMPHAL-SILCHAR,IMPHAL,SILCHAR,1690.0,0.0,0.0,61
IMPHAL-TEZU,IMPHAL,TEZU,2755.0,0.0,0.0,122
INDORE-AHMEDABAD,INDORE,AHMEDABAD,25546.0,0.81,0.572,365
INDORE-AJMER,INDORE,AJMER,4226.0,0.0,0.0,365
INDORE-ALLAHABAD,INDORE,ALLAHABAD,15925.0,0.045,0.0,365
INDORE-BELGAUM,INDORE,BELGAUM,4749.0,0.0,0.0,365
INDORE-BENGALURU,INDORE,BENGALURU,139613.0,562.737,20.293,365
INDORE-BHOPAL,INDORE,BHOPAL,40.0,0.0,0.0,61
INDORE-BILASPUR,INDORE,BILASPUR,1455.0,2.78,0.0,92
INDORE-CHANDIGARH,INDORE,CHANDIGARH,2893.0,0.189,0.0,61
INDORE-CHENNAI,INDORE,CHENNAI,25675.0,397.91700000000003,14.825,365
INDORE-DABOLIM,INDORE,DABOLIM,40886.0,18.781,0.052,365
INDORE-DELHI,INDORE,DELHI,347876.0,1681.75109,96.88230023997103,365
INDORE-GWALIOR,INDORE,GWALIOR,11501.0,0.061586,0.0,365
INDORE-Gondia Airport,INDORE,Gondia Airport,5278.0,0.0,0.0,184
INDORE-HYDERABAD,INDORE,HYDERABAD,125607.0,240.47899999999998,15.273,365
INDORE-JABALPUR,INDORE,JABALPUR,15242.0,0.0,0.0,365
INDORE-JAIPUR,INDORE,JAIPUR,25900.0,0.466,4.091,365
INDORE-JAMMU,INDORE,JAMMU,15027.0,1.043,0.417,306
INDORE-JODHPUR,INDORE,JODHPUR,9294.0,0.06,0.0,212
INDORE-KOLKATA,INDORE,KOLKATA,46316.0,145.73,16.523,365
INDORE-LUCKNOW,INDORE,LUCKNOW,21722.0,0.158,0.955,365
INDORE-MUMBAI,INDORE,MUMBAI,259063.0,1288.1513,64.91266465922305,365
INDORE-NAGPUR,INDORE,NAGPUR,21367.0,0.178,5.945,365
INDORE-PUNE,INDORE,PUNE,51897.0,39.0,10.883,365
INDORE-RAIPUR,INDORE,RAIPUR,50482.0,76.816,8.659,365
INDORE-SURAT,INDORE,SURAT,1610.0,0.0,0.0,90
INDORE-TRIVANDRUM,INDORE,TRIVANDRUM,3.0,0.284,0.0,31
INDORE-UDAIPUR,INDORE,UDAIPUR,149.0,0.0,0.0,30
ITANAGAR-DIBRUGARH,ITANAGAR,DIBRUGARH,1.0,0.0,0.0,30
ITANAGAR-KOLKATA,ITANAGAR,KOLKATA,164.0,0.0,0.0,30
ITANAGAR-MUMBAI,ITANAGAR,MUMBAI,10.0,0.0,0.0,30
ITANAGAR-PASIGHAT,ITANAGAR,PASIGHAT,7.0,0.0,0.0,30
ITANAGAR-ZIRO,ITANAGAR,ZIRO,3.0,0.0,0.0,30
JABALPUR-AJMER,JABALPUR,AJMER,0.0,0.0,0.0,90
JABALPUR-ALLAHABAD,JABALPUR,ALLAHABAD,8.0,0.0,0.0,152
JABALPUR-BENGALURU,JABALPUR,BENGALURU,21068.0,8.38364,0.0,334
JABALPUR-BILASPUR,JABALPUR,BILASPUR,4408.0,0.0,0.0,365
JABALPUR-CHENNAI,JABALPUR,CHENNAI,1344.0,1.6263100000000001,0.0,92
JABALPUR-DELHI,JABALPUR,DELHI,75386.0,68.98578,0.0,365
JABALPUR-GWALIOR,JABALPUR,GWALIOR,102.0,0.0,0.0,92
JABALPUR-HYDERABAD,JABALPUR,HYDERABAD,25042.0,0.33896000000000004,0.0,365
JABALPUR-INDORE,JABALPUR,INDORE,16482.0,0.0,0.0,365
JABALPUR-JAIPUR,JABALPUR,JAIPUR,19.0,0.0,0.0,30
JABALPUR-JODHPUR,JABALPUR,JODHPUR,11.0,0.0,0.0,31
JABALPUR-KOLKATA,JABALPUR,KOLKATA,1451.0,4.92653,0.0,92
JABALPUR-MUMBAI,JABALPUR,MUMBAI,50805.0,101.37592999999998,0.0,365
JABALPUR-PUNE,JABALPUR,PUNE,21582.0,4.937900000000001,0.0,365
JAGDALPUR-DELHI,JAGDALPUR,DELHI,3211.0,0.0,0.0,245
JAGDALPUR-HYDERABAD,JAGDALPUR,HYDERABAD,13856.0,0.03,0.0,365
JAGDALPUR-RAIPUR,JAGDALPUR,RAIPUR,13832.0,0.0,0.0,365
JAIPUR-AHMEDABAD,JAIPUR,AHMEDABAD,83831.0,59.61314,0.0,365
JAIPUR-AMRITSAR,JAIPUR,AMRITSAR,8205.0,5.5776200000000005,0.0,303
JAIPUR-BAGDOGRA,JAIPUR,BAGDOGRA,6125.0,6.087389999999999,0.0,90
JAIPUR-BENGALURU,JAIPUR,BENGALURU,248333.0,1855.51299,35.177,365
JAIPUR-BHUBANESWAR,JAIPUR,BHUBANESWAR,22337.0,35.256,0.05,365
JAIPUR-CHANDIGARH,JAIPUR,CHANDIGARH,35252.0,10.8371,0.0,365
JAIPUR-CHENNAI,JAIPUR,CHENNAI,55017.0,730.7295,6.811,365
JAIPUR-COIMBATORE,JAIPUR,COIMBATORE,4452.0,7.2540000000000004,0.0,365
JAIPUR-DABOLIM,JAIPUR,DABOLIM,43566.0,19.261,0.04,365
JAIPUR-DEHRA DUN,JAIPUR,DEHRA DUN,24637.0,0.473,0.0,337
JAIPUR-DELHI,JAIPUR,DELHI,249822.0,619.05475,250.115,365
JAIPUR-DHARAMSALA,JAIPUR,DHARAMSALA,5388.0,0.0,0.0,245
JAIPUR-GAYA,JAIPUR,GAYA,0.0,0.0,0.0,30
JAIPUR-GORAKHPUR,JAIPUR,GORAKHPUR,0.0,0.0,0.0,61
JAIPUR-GUWAHATI,JAIPUR,GUWAHATI,62205.0,306.14093,8.93,365
JAIPUR-GWALIOR,JAIPUR,GWALIOR,28.0,0.0,0.0,90
JAIPUR-HYDERABAD,JAIPUR,HYDERABAD,181142.0,847.92146,18.793,365
JAIPUR-INDORE,JAIPUR,INDORE,25185.0,1.2289999999999999,0.0,365
JAIPUR-JABALPUR,JAIPUR,JABALPUR,0.0,0.0,0.0,30
JAIPUR-JAISALMER,JAIPUR,JAISALMER,7360.0,0.0,0.0,182
JAIPUR-KOLKATA,JAIPUR,KOLKATA,171309.0,1715.44373,33.748,365
JAIPUR-LEH,JAIPUR,LEH,0.0,0.0,0.0,31
JAIPUR-LUCKNOW,JAIPUR,LUCKNOW,21517.0,0.756,0.0,365
JAIPUR-MUMBAI,JAIPUR,MUMBAI,479149.0,2120.47894,96.8768,365
JAIPUR-NAGPUR,JAIPUR,NAGPUR,22.0,0.0,0.0,31
JAIPUR-PATNA,JAIPUR,PATNA,5713.0,22.070999999999998,0.0,214
JAIPUR-PORT BLAIR,JAIPUR,PORT BLAIR,19.0,0.0,0.0,28
JAIPUR-PUNE,JAIPUR,PUNE,121328.0,495.96096,0.0,365
JAIPUR-SURAT,JAIPUR,SURAT,36503.0,20.34779,0.20700000000000002,365
JAIPUR-UDAIPUR,JAIPUR,UDAIPUR,20915.0,1.48576,0.0,304
JAIPUR-VADODARA,JAIPUR,VADODARA,3538.0,0.0,0.0,245
JAIPUR-VARANASI,JAIPUR,VARANASI,7293.0,14.613619999999997,0.0,245
JAISALMER-AHMEDABAD,JAISALMER,AHMEDABAD,2898.0,0.0,0.0,182
JAISALMER-AMRITSAR,JAISALMER,AMRITSAR,215.0,0.0,0.0,90
JAISALMER-BENGALURU,JAISALMER,BENGALURU,300.0,0.0,0.0,31
JAISALMER-DELHI,JAISALMER,DELHI,20726.0,0.0,0.0,182
JAISALMER-JAIPUR,JAISALMER,JAIPUR,7300.0,0.0,0.0,182
JAISALMER-MUMBAI,JAISALMER,MUMBAI,9583.0,0.0,0.0,182
JAISALMER-SURAT,JAISALMER,SURAT,0.0,0.0,0.0,31
JALGAON-AHMEDABAD,JALGAON,AHMEDABAD,385.0,0.0,0.0,59
JALGAON-MUMBAI,JALGAON,MUMBAI,646.0,0.0,0.0,59
JAMMU-AHMEDABAD,JAMMU,AHMEDABAD,5027.0,0.1,0.0,92
JAMMU-AMRITSAR,JAMMU,AMRITSAR,1968.0,0.0,0.0,304
JAMMU-BENGALURU,JAMMU,BENGALURU,6397.0,0.155,0.0,306
JAMMU-CHANDIGARH,JAMMU,CHANDIGARH,0.0,0.0,0.0,90
JAMMU-DELHI,JAMMU,DELHI,430036.0,350.49256,0.015,365
JAMMU-GWALIOR,JAMMU,GWALIOR,5141.0,0.049,0.0,212
JAMMU-HYDERABAD,JAMMU,HYDERABAD,825.0,0.0,0.0,306
JAMMU-INDORE,JAMMU,INDORE,14178.0,0.1,0.0,306
JAMMU-KOLKATA,JAMMU,KOLKATA,381.0,0.1,0.0,122
JAMMU-LEH,JAMMU,LEH,28199.0,131.3776,0.0,365
JAMMU-MUMBAI,JAMMU,MUMBAI,26275.0,11.71365,0.0,365
JAMMU-SRINAGAR,JAMMU,SRINAGAR,244905.0,450.30005,11.755,365
JAMMU-VARANASI,JAMMU,VARANASI,1998.0,0.0,0.0,92
JAMNAGAR-BENGALURU,JAMNAGAR,BENGALURU,5299.0,0.0,0.0,365
JAMNAGAR-HYDERABAD,JAMNAGAR,HYDERABAD,5554.0,0.0,0.0,365
JAMNAGAR-MUMBAI,JAMNAGAR,MUMBAI,42524.0,0.0,0.0,365
JEYPORE-BHUBANESWAR,JEYPORE,BHUBANESWAR,312.0,0.0,0.0,92
JEYPORE-VISAKHAPATNAM,JEYPORE,VISAKHAPATNAM,274.0,0.0,0.0,61
JHARSUGUDA-BENGALURU,JHARSUGUDA,BENGALURU,15529.0,0.323,0.0,243
JHARSUGUDA-BHUBANESWAR,JHARSUGUDA,BHUBANESWAR,14942.0,0.54,0.0,365
JHARSUGUDA-DELHI,JHARSUGUDA,DELHI,46299.0,2.5386699999999998,0.0,365
JHARSUGUDA-HYDERABAD,JHARSUGUDA,HYDERABAD,11767.0,6.15602,0.0,243
JHARSUGUDA-KOLKATA,JHARSUGUDA,KOLKATA,23185.0,7.356,0.0,365
JHARSUGUDA-MUMBAI,JHARSUGUDA,MUMBAI,202.0,0.0,0.0,31
JHARSUGUDA-RAIPUR,JHARSUGUDA,RAIPUR,7790.0,0.0,0.0,334
JODHPUR-AHMEDABAD,JODHPUR,AHMEDABAD,11552.0,0.002,0.0,245
JODHPUR-BELGAUM,JODHPUR,BELGAUM,5415.0,0.0,0.0,365
JODHPUR-BENGALURU,JODHPUR,BENGALURU,44228.0,0.5289999999999999,0.0,365
JODHPUR-CHENNAI,JODHPUR,CHENNAI,60950.0,0.5630000000000001,0.0,365
JODHPUR-DELHI,JODHPUR,DELHI,116283.0,34.865,32.189,365
JODHPUR-GUWAHATI,JODHPUR,GUWAHATI,1513.0,0.0,0.0,365
JODHPUR-HYDERABAD,JODHPUR,HYDERABAD,32081.0,1.339,0.0,365
JODHPUR-INDORE,JODHPUR,INDORE,8805.0,0.0,0.0,212
JODHPUR-JABALPUR,JODHPUR,JABALPUR,0.0,0.0,0.0,31
JODHPUR-KOLKATA,JODHPUR,KOLKATA,15274.0,1.9969999999999999,0.695,365
JODHPUR-MUMBAI,JODHPUR,MUMBAI,127304.0,4.659,5.715,365
JODHPUR-NAGPUR,JODHPUR,NAGPUR,28.0,0.0,0.0,31
JORHAT-AGARTALA,JORHAT,AGARTALA,2.0,0.0,0.0,31
JORHAT-BENGALURU,JORHAT,BENGALURU,6088.0,2.023,0.0,365
JORHAT-DELHI,JORHAT,DELHI,10332.0,1.039,0.0,365
JORHAT-GUWAHATI,JORHAT,GUWAHATI,12415.0,0.236,0.0,365
JORHAT-KOLKATA,JORHAT,KOLKATA,37731.0,5.048,0.0,365
JORHAT-NAGPUR,JORHAT,NAGPUR,0.0,0.0,0.0,28
KADAPA-BENGALURU,KADAPA,BENGALURU,2607.0,0.0,0.0,306
KADAPA-CHENNAI,KADAPA,CHENNAI,3502.0,0.0,0.0,306
KADAPA-HYDERABAD,KADAPA,HYDERABAD,12029.0,0.0,0.0,306
KADAPA-VIJAYAWADA,KADAPA,VIJAYAWADA,2266.0,0.0,0.0,306
KADAPA-VISAKHAPATNAM,KADAPA,VISAKHAPATNAM,4178.0,0.0,0.0,306
KALABURAGI-BENGALURU,KALABURAGI,BENGALURU,33365.0,0.11696,0.0,365
KALABURAGI-GHAZIABAD,KALABURAGI,GHAZIABAD,4633.0,0.0,0.0,365
KALABURAGI-TIRUPATI,KALABURAGI,TIRUPATI,4716.0,0.0,0.0,365
KANDLA-AHMEDABAD,KANDLA,AHMEDABAD,148.0,0.0,0.0,31
KANDLA-DELHI,KANDLA,DELHI,17342.0,0.0,0.0,334
KANDLA-HYDERABAD,KANDLA,HYDERABAD,2.0,0.0,0.0,62
KANDLA-MUMBAI,KANDLA,MUMBAI,29561.0,0.0,0.0,365
KANNUR-BENGALURU,KANNUR,BENGALURU,41605.0,3.3735,0.0,365
KANNUR-CHENNAI,KANNUR,CHENNAI,20278.0,0.12000000000000001,0.0,365
KANNUR-DABOLIM,KANNUR,DABOLIM,3702.0,0.0,0.0,120
KANNUR-DELHI,KANNUR,DELHI,15479.0,0.0,0.0,365
KANNUR-HUBLI,KANNUR,HUBLI,1646.0,0.0,0.0,120
KANNUR-HYDERABAD,KANNUR,HYDERABAD,21493.0,0.09000000000000001,0.0,365
KANNUR-KOCHI,KANNUR,KOCHI,21782.0,0.47900000000000004,0.0,365
KANNUR-KOZHIKODE,KANNUR,KOZHIKODE,137.0,0.0,0.0,365
KANNUR-MANGALORE,KANNUR,MANGALORE,158.0,0.0,0.0,59
KANNUR-MUMBAI,KANNUR,MUMBAI,42043.0,28.7975,0.0,365
KANNUR-TIRUCHIRAPALLY,KANNUR,TIRUCHIRAPALLY,87.0,0.0,0.0,31
KANNUR-TRIVANDRUM,KANNUR,TRIVANDRUM,19460.0,0.025,0.0,365
KANNUR-VARANASI,KANNUR,VARANASI,11.0,0.0,0.0,61
KANPUR-BENGALURU,KANPUR,BENGALURU,36895.0,0.0,0.0,365
KANPUR-CHENNAI,KANPUR,CHENNAI,235.0,0.0,0.0,92
KANPUR-DELHI,KANPUR,DELHI,22371.0,0.33804,0.0,365
KANPUR-GORAKHPUR,KANPUR,GORAKHPUR,1332.0,0.0,0.0,153
KANPUR-HYDERABAD,KANPUR,HYDERABAD,325.0,0.0,0.0,92
KANPUR-MUMBAI,KANPUR,MUMBAI,67488.0,0.465,0.058,365
KESHOD-MUMBAI,KESHOD,MUMBAI,2041.0,0.0,0.0,92
KHAJURAHO-DELHI,KHAJURAHO,DELHI,8437.0,0.42621999999999993,0.0,334
KHAJURAHO-VARANASI,KHAJURAHO,VARANASI,646.0,0.0,0.0,61
KOCHI-AGATTI ISLAND,KOCHI,AGATTI ISLAND,22157.0,32.588992,0.638886,365
KOCHI-AHMEDABAD,KOCHI,AHMEDABAD,29286.0,24.353,13.077,304
KOCHI-BENGALURU,KOCHI,BENGALURU,573131.0,516.571455,71.39384799999999,365
KOCHI-BHOPAL,KOCHI,BHOPAL,7272.0,1.043,0.0,365
KOCHI-CHANDIGARH,KOCHI,CHANDIGARH,408.0,0.861,0.0,61
KOCHI-CHENNAI,KOCHI,CHENNAI,220419.0,303.424,50.829,365
KOCHI-COIMBATORE,KOCHI,COIMBATORE,0.0,0.0,0.0,121
KOCHI-DABOLIM,KOCHI,DABOLIM,4716.0,0.19999999999999998,0.0,90
KOCHI-DELHI,KOCHI,DELHI,430442.0,1505.4734999999998,103.26093791656687,365
KOCHI-HUBLI,KOCHI,HUBLI,785.0,0.0,0.0,31
KOCHI-HYDERABAD,KOCHI,HYDERABAD,223137.0,279.72926,59.955,365
KOCHI-KANNUR,KOCHI,KANNUR,20789.0,0.506,0.0,365
KOCHI-KOLKATA,KOCHI,KOLKATA,43920.0,180.724,7.994,365
KOCHI-KOZHIKODE,KOCHI,KOZHIKODE,34.0,0.0,0.0,31
KOCHI-LUCKNOW,KOCHI,LUCKNOW,579.0,0.655,0.0,123
KOCHI-MUMBAI,KOCHI,MUMBAI,376414.0,742.56188,108.65649321266969,365
KOCHI-MYSORE,KOCHI,MYSORE,9026.0,0.0,0.0,335
KOCHI-NAGPUR,KOCHI,NAGPUR,8.0,0.0,0.0,61
KOCHI-PATNA,KOCHI,PATNA,1238.0,3.634,0.0,92
KOCHI-PUNE,KOCHI,PUNE,53233.0,101.84184,0.001,365
KOCHI-RAIPUR,KOCHI,RAIPUR,584.0,0.176,0.0,123
KOCHI-RANCHI,KOCHI,RANCHI,3748.0,2.516,0.0,304
KOCHI-TRIVANDRUM,KOCHI,TRIVANDRUM,21011.0,0.199,0.0,365
KOCHI-VADODARA,KOCHI,VADODARA,117.0,0.623,0.0,90
KOCHI-VARANASI,KOCHI,VARANASI,214.0,0.158,0.0,92
KOCHI-VISAKHAPATNAM,KOCHI,VISAKHAPATNAM,304.0,0.238,0.0,61
KOLHAPUR-AHMEDABAD,KOLHAPUR,AHMEDABAD,4345.0,0.0,0.0,214
KOLHAPUR-BENGALURU,KOLHAPUR,BENGALURU,5076.0,0.0,0.0,273
KOLHAPUR-CHENNAI,KOLHAPUR,CHENNAI,4.0,0.0,0.0,31
KOLHAPUR-HYDERABAD,KOLHAPUR,HYDERABAD,30950.0,0.745,0.0,365
KOLHAPUR-MUMBAI,KOLHAPUR,MUMBAI,1604.0,0.0,0.0,151
KOLHAPUR-TIRUPATI,KOLHAPUR,TIRUPATI,16133.0,0.0,0.0,365
KOLKATA-AGARTALA,KOLKATA,AGARTALA,392894.0,3003.8166,101.36667883834913,365
KOLKATA-AHMEDABAD,KOLKATA,AHMEDABAD,195643.0,1635.2840800000001,42.103,365
KOLKATA-AIZAWL,KOLKATA,AIZAWL,64131.0,221.09468,117.801201233076,365
KOLKATA-AMRITSAR,KOLKATA,AMRITSAR,48736.0,28.332,0.127,365
KOLKATA-BAGDOGRA,KOLKATA,BAGDOGRA,300042.0,699.09045,127.53766518527351,365
KOLKATA-BENGALURU,KOLKATA,BENGALURU,813966.0,6134.24415,154.6574,365
KOLKATA-BHUBANESWAR,KOLKATA,BHUBANESWAR,218681.0,288.14842,241.41287,365
KOLKATA-CHANDIGARH,KOLKATA,CHANDIGARH,40918.0,130.638,0.36000000000000004,365
KOLKATA-CHENNAI,KOLKATA,CHENNAI,416302.0,2867.12829,57.88853258504363,365
KOLKATA-COIMBATORE,KOLKATA,COIMBATORE,1077.0,1.9909999999999999,0.0,92
KOLKATA-DABOLIM,KOLKATA,DABOLIM,78817.0,103.59522,0.0,365
KOLKATA-DARBHANGA,KOLKATA,DARBHANGA,26014.0,4.973,0.0,365
KOLKATA-DEHRA DUN,KOLKATA,DEHRA DUN,13063.0,4.1819999999999995,0.0,245
KOLKATA-DELHI,KOLKATA,DELHI,1223814.0,20960.7875,464.4810035051887,365
KOLKATA-DIBRUGARH,KOLKATA,DIBRUGARH,100509.0,423.1506,78.578,365
KOLKATA-DIMAPUR,KOLKATA,DIMAPUR,56370.0,959.823256,61.46999810288936,365
KOLKATA-DURGAPUR,KOLKATA,DURGAPUR,132.0,0.0,0.0,30
KOLKATA-Deoghar Airport,KOLKATA,Deoghar Airport,4200.0,0.495,0.0,184
KOLKATA-GAYA,KOLKATA,GAYA,16032.0,1.309,0.0,365
KOLKATA-GORAKHPUR,KOLKATA,GORAKHPUR,19827.0,0.008,0.003,365
KOLKATA-GUWAHATI,KOLKATA,GUWAHATI,444413.0,3389.5033359999998,313.385667276529,365
KOLKATA-GWALIOR,KOLKATA,GWALIOR,11122.0,22.8734,0.0,273
KOLKATA-HYDERABAD,KOLKATA,HYDERABAD,424562.0,2937.0905,87.8366,365
"KOLKATA-Hollongi Airport, Itanagar",KOLKATA,"Hollongi Airport, Itanagar",3634.0,0.001,0.0,31
KOLKATA-IMPHAL,KOLKATA,IMPHAL,159179.0,1369.6068500000001,127.09456211920529,365
KOLKATA-INDORE,KOLKATA,INDORE,42129.0,203.356,7.975,365
KOLKATA-ITANAGAR,KOLKATA,ITANAGAR,239.0,0.0,0.0,30
KOLKATA-JABALPUR,KOLKATA,JABALPUR,1295.0,6.20087,0.0,92
KOLKATA-JAIPUR,KOLKATA,JAIPUR,178247.0,799.80482,56.910000000000004,365
KOLKATA-JAMMU,KOLKATA,JAMMU,877.0,0.001,0.0,122
KOLKATA-JHARSUGUDA,KOLKATA,JHARSUGUDA,21441.0,4.09735,0.0,365
KOLKATA-JODHPUR,KOLKATA,JODHPUR,14095.0,1.705,0.0,365
KOLKATA-JORHAT,KOLKATA,JORHAT,40880.0,142.557,0.0,365
KOLKATA-KOCHI,KOLKATA,KOCHI,47400.0,197.023,14.4485,365
KOLKATA-Kushinagar International Airport,KOLKATA,Kushinagar International Airport,59.0,0.0,0.0,31
KOLKATA-LILABARI,KOLKATA,LILABARI,11441.0,10.66918,0.0,365
KOLKATA-LUCKNOW,KOLKATA,LUCKNOW,112430.0,433.9375,124.72399999999999,365
KOLKATA-MANGALORE,KOLKATA,MANGALORE,3308.0,1.967,0.0,365
KOLKATA-MUMBAI,KOLKATA,MUMBAI,732924.0,6321.92408,211.99716,365
KOLKATA-NAGPUR,KOLKATA,NAGPUR,44360.0,91.78800000000001,0.423,365
KOLKATA-PAKYONG,KOLKATA,PAKYONG,8945.0,0.057,0.0,273
KOLKATA-PASIGHAT,KOLKATA,PASIGHAT,0.0,0.0,0.0,304
KOLKATA-PATNA,KOLKATA,PATNA,115015.0,358.17508,260.26800000000003,365
KOLKATA-PORT BLAIR,KOLKATA,PORT BLAIR,198975.0,1575.00282,146.08754936170214,365
KOLKATA-PUNE,KOLKATA,PUNE,149326.0,948.97426,2.4250000000000003,365
KOLKATA-RAIPUR,KOLKATA,RAIPUR,88433.0,194.863,23.875,365
KOLKATA-RANCHI,KOLKATA,RANCHI,62585.0,21.306668,1.171918,365
KOLKATA-RUPSI,KOLKATA,RUPSI,15080.0,0.0,0.0,365
KOLKATA-SHILLONG,KOLKATA,SHILLONG,19752.0,4.93776,0.0,365
KOLKATA-SILCHAR,KOLKATA,SILCHAR,117961.0,779.81242,14.396,365
KOLKATA-SRINAGAR,KOLKATA,SRINAGAR,15679.0,6.223,0.002,365
KOLKATA-SURAT,KOLKATA,SURAT,62895.0,165.69035,0.116,365
KOLKATA-TEZPUR,KOLKATA,TEZPUR,0.0,0.0,0.0,304
KOLKATA-TRIVANDRUM,KOLKATA,TRIVANDRUM,4838.0,7.229,0.0,306
KOLKATA-UDAIPUR,KOLKATA,UDAIPUR,6269.0,0.732,0.0,304
KOLKATA-VARANASI,KOLKATA,VARANASI,52844.0,65.83,13.959,365
KOLKATA-VISAKHAPATNAM,KOLKATA,VISAKHAPATNAM,50451.0,45.16048,0.093,365
KOZHIKODE-BENGALURU,KOZHIKODE,BENGALURU,44587.0,1.18,0.0,365
KOZHIKODE-CHENNAI,KOZHIKODE,CHENNAI,24446.0,0.017,0.0,365
KOZHIKODE-COIMBATORE,KOZHIKODE,COIMBATORE,0.0,0.0,0.0,31
KOZHIKODE-DELHI,KOZHIKODE,DELHI,91781.0,21.349,0.0,365
KOZHIKODE-HYDERABAD,KOZHIKODE,HYDERABAD,21931.0,0.295,0.0,365
KOZHIKODE-KANNUR,KOZHIKODE,KANNUR,1015.0,0.005,0.0,365
KOZHIKODE-KOCHI,KOZHIKODE,KOCHI,0.0,0.0,0.0,31
KOZHIKODE-LUCKNOW,KOZHIKODE,LUCKNOW,0.0,0.0,0.0,31
KOZHIKODE-MUMBAI,KOZHIKODE,MUMBAI,76720.0,1.834,0.0,365
KOZHIKODE-TRIVANDRUM,KOZHIKODE,TRIVANDRUM,0.0,0.0,0.0,30
KULLU-CHANDIGARH,KULLU,CHANDIGARH,1298.0,0.0,0.0,365
KULLU-DELHI,KULLU,DELHI,3683.0,0.0020879999999999996,0.0,365
KULLU-SIMLA,KULLU,SIMLA,41.0,0.0,0.0,31
KURNOOL-BENGALURU,KURNOOL,BENGALURU,6234.0,0.0,0.0,365
KURNOOL-CHENNAI,KURNOOL,CHENNAI,5399.0,0.0,0.0,365
KURNOOL-VISAKHAPATNAM,KURNOOL,VISAKHAPATNAM,7709.0,0.0,0.0,365
Kushinagar International Airport-DELHI,Kushinagar International Airport,DELHI,13059.0,0.0,0.0,365
Kushinagar International Airport-KOLKATA,Kushinagar International Airport,KOLKATA,170.0,0.0,0.0,31
LEH-CHANDIGARH,LEH,CHANDIGARH,20420.0,1.206,0.0,365
LEH-DELHI,LEH,DELHI,431390.0,188.55425,0.0,365
LEH-JAIPUR,LEH,JAIPUR,20.0,0.0,0.0,31
LEH-JAMMU,LEH,JAMMU,56335.0,3.085,0.0,365
LEH-MUMBAI,LEH,MUMBAI,0.0,0.0,0.0,183
LEH-SRINAGAR,LEH,SRINAGAR,67949.0,225.73512,0.0,365
LILABARI-DIBRUGARH,LILABARI,DIBRUGARH,8.0,0.0,0.0,30
LILABARI-DIMAPUR,LILABARI,DIMAPUR,23.0,0.0,0.0,61
LILABARI-GUWAHATI,LILABARI,GUWAHATI,3059.0,0.0,0.0,243
LILABARI-KOLKATA,LILABARI,KOLKATA,12706.0,1.1099999999999999,0.0,365
LILABARI-PASIGHAT,LILABARI,PASIGHAT,3.0,0.0,0.0,61
LILABARI-SHILLONG,LILABARI,SHILLONG,95.0,0.0,0.0,92
LILABARI-TEZPUR,LILABARI,TEZPUR,16.0,0.0,0.0,61
LILABARI-ZIRO,LILABARI,ZIRO,23.0,0.0,0.0,30
LUCKNOW-AGARTALA,LUCKNOW,AGARTALA,94.0,0.0,0.0,59
LUCKNOW-AGRA,LUCKNOW,AGRA,5709.0,0.046,0.0,365
LUCKNOW-AHMEDABAD,LUCKNOW,AHMEDABAD,95527.0,92.27499999999999,18.218,365
LUCKNOW-ALLAHABAD,LUCKNOW,ALLAHABAD,8889.0,0.056999999999999995,0.0,306
LUCKNOW-AMRITSAR,LUCKNOW,AMRITSAR,13442.0,0.194,0.0,306
LUCKNOW-BENGALURU,LUCKNOW,BENGALURU,254910.0,948.29628,23.701,365
LUCKNOW-BHOPAL,LUCKNOW,BHOPAL,0.0,0.0,0.0,59
LUCKNOW-BHUBANESWAR,LUCKNOW,BHUBANESWAR,4882.0,0.297,0.0,307
LUCKNOW-CHANDIGARH,LUCKNOW,CHANDIGARH,40613.0,4.2749999999999995,3.768,365
LUCKNOW-CHENNAI,LUCKNOW,CHENNAI,44190.0,256.173,11.969999999999999,365
LUCKNOW-DABOLIM,LUCKNOW,DABOLIM,66505.0,30.797500000000003,0.111,365
LUCKNOW-DEHRA DUN,LUCKNOW,DEHRA DUN,45351.0,0.116,7.921,365
LUCKNOW-DELHI,LUCKNOW,DELHI,598845.0,1037.86781,191.60264041316978,365
LUCKNOW-DURGAPUR,LUCKNOW,DURGAPUR,0.0,0.0,0.0,31
LUCKNOW-GORAKHPUR,LUCKNOW,GORAKHPUR,4843.0,0.26,0.0,365
LUCKNOW-GUWAHATI,LUCKNOW,GUWAHATI,39446.0,22.568,1.1219999999999999,365
LUCKNOW-HYDERABAD,LUCKNOW,HYDERABAD,115154.0,270.39139,11.790000000000001,365
LUCKNOW-INDORE,LUCKNOW,INDORE,23568.0,0.073,0.0,365
LUCKNOW-JAIPUR,LUCKNOW,JAIPUR,21588.0,0.108,0.0,365
LUCKNOW-KOCHI,LUCKNOW,KOCHI,836.0,0.002,0.0,123
LUCKNOW-KOLKATA,LUCKNOW,KOLKATA,130103.0,355.97942,33.914,365
LUCKNOW-KOZHIKODE,LUCKNOW,KOZHIKODE,10.0,0.0,0.0,31
LUCKNOW-MUMBAI,LUCKNOW,MUMBAI,334814.0,873.76823,47.864,365
LUCKNOW-NAGPUR,LUCKNOW,NAGPUR,22492.0,0.225,0.002,365
LUCKNOW-PANTNAGAR,LUCKNOW,PANTNAGAR,4521.0,0.01,0.0,214
LUCKNOW-PATNA,LUCKNOW,PATNA,40708.0,35.0515,22.791,365
LUCKNOW-PUNE,LUCKNOW,PUNE,50778.0,268.98699999999997,0.824,365
LUCKNOW-RAIPUR,LUCKNOW,RAIPUR,15637.0,4.104,0.0,335
LUCKNOW-RANCHI,LUCKNOW,RANCHI,36548.0,24.616,2.871,365
LUCKNOW-SRINAGAR,LUCKNOW,SRINAGAR,5742.0,1.958,0.0,245
LUCKNOW-UDAIPUR,LUCKNOW,UDAIPUR,25.0,0.0,0.0,31
LUCKNOW-VARANASI,LUCKNOW,VARANASI,1732.0,9.6705,0.0,243
MADURAI-BENGALURU,MADURAI,BENGALURU,66944.0,59.041,8.563,365
MADURAI-CHENNAI,MADURAI,CHENNAI,166024.0,188.639,1.976,365
MADURAI-DELHI,MADURAI,DELHI,42092.0,368.345,0.0,337
MADURAI-HYDERABAD,MADURAI,HYDERABAD,51416.0,259.545,3.516,365
MADURAI-MUMBAI,MADURAI,MUMBAI,78373.0,296.96398,2.377,365
MADURAI-TIRUPATI,MADURAI,TIRUPATI,8765.0,20.897,0.0,365
MADURAI-VIJAYAWADA,MADURAI,VIJAYAWADA,1584.0,0.016,0.0,365
MANGALORE-BENGALURU,MANGALORE,BENGALURU,234493.0,15.492999999999999,519.648,365
MANGALORE-CHENNAI,MANGALORE,CHENNAI,22755.0,0.252,6.436,365
MANGALORE-COIMBATORE,MANGALORE,COIMBATORE,3154.0,45.6105,0.0,212
MANGALORE-DELHI,MANGALORE,DELHI,15920.0,3.104,84.121,306
MANGALORE-HUBLI,MANGALORE,HUBLI,4154.0,0.024,0.0,245
MANGALORE-HYDERABAD,MANGALORE,HYDERABAD,49045.0,0.179,10.600999999999999,365
MANGALORE-KANNUR,MANGALORE,KANNUR,177.0,0.0,0.0,59
MANGALORE-KOLKATA,MANGALORE,KOLKATA,4136.0,4.199,1.08,365
MANGALORE-MUMBAI,MANGALORE,MUMBAI,244287.0,84.0785,244.369,365
MANGALORE-PUNE,MANGALORE,PUNE,9225.0,0.061,17.766,276
MANGALORE-RAIPUR,MANGALORE,RAIPUR,35.0,0.0,0.0,31
MANGALORE-RANCHI,MANGALORE,RANCHI,232.0,0.002,5.136,92
MANGALORE-TRIVANDRUM,MANGALORE,TRIVANDRUM,0.0,0.0,0.0,31
MUMBAI-AGARTALA,MUMBAI,AGARTALA,287.0,0.14400000000000002,0.0,90
MUMBAI-AGRA,MUMBAI,AGRA,14789.0,1.407,0.0,307
MUMBAI-AHMEDABAD,MUMBAI,AHMEDABAD,728574.0,8596.28571,477.08768,365
MUMBAI-AIZAWL,MUMBAI,AIZAWL,1624.0,0.792,0.0,365
MUMBAI-AJMER,MUMBAI,AJMER,7943.0,0.003,0.0,273
MUMBAI-ALLAHABAD,MUMBAI,ALLAHABAD,46507.0,7.276,15.917,365
MUMBAI-AMRITSAR,MUMBAI,AMRITSAR,163248.0,181.88797,10.058839458413926,365
MUMBAI-AURANGABAD,MUMBAI,AURANGABAD,83214.0,56.190000000000005,88.5240515970516,365
MUMBAI-BAGDOGRA,MUMBAI,BAGDOGRA,103639.0,648.23144,24.0205,365
MUMBAI-BAREILLY,MUMBAI,BAREILLY,30907.0,2.732,0.0,365
MUMBAI-BELGAUM,MUMBAI,BELGAUM,28778.0,54.63861,0.0,365
MUMBAI-BENGALURU,MUMBAI,BENGALURU,1548151.0,16326.94394,397.66512000000006,365
MUMBAI-BHAVNAGAR,MUMBAI,BHAVNAGAR,19090.0,28.797690000000003,0.0,365
MUMBAI-BHOPAL,MUMBAI,BHOPAL,144941.0,625.3894,200.307,365
MUMBAI-BHUBANESWAR,MUMBAI,BHUBANESWAR,233778.0,1496.21012,273.38748,365
MUMBAI-BHUJ,MUMBAI,BHUJ,13893.0,7.58997,0.0,365
MUMBAI-CHANDIGARH,MUMBAI,CHANDIGARH,422360.0,1957.2886899999999,116.88501,365
MUMBAI-CHENNAI,MUMBAI,CHENNAI,892587.0,6515.45287,406.1181537470726,365
MUMBAI-COIMBATORE,MUMBAI,COIMBATORE,185218.0,1478.44923,78.7744,365
MUMBAI-DABOLIM,MUMBAI,DABOLIM,1013091.0,1708.384051,95.41743,365
MUMBAI-DARBHANGA,MUMBAI,DARBHANGA,74133.0,247.71002999999996,0.0,365
MUMBAI-DEHRA DUN,MUMBAI,DEHRA DUN,169348.0,155.5826,28.773,365
MUMBAI-DELHI,MUMBAI,DELHI,2506249.0,29327.51124,900.301902027667,365
MUMBAI-DIBRUGARH,MUMBAI,DIBRUGARH,5970.0,3.121,0.0,365
MUMBAI-DIMAPUR,MUMBAI,DIMAPUR,1806.0,0.14300000000000002,0.0,365
MUMBAI-DIU,MUMBAI,DIU,18551.0,0.62345,0.0,365
MUMBAI-DURGAPUR,MUMBAI,DURGAPUR,42912.0,54.84415,0.0,365
MUMBAI-GAYA,MUMBAI,GAYA,1209.0,0.0,0.0,184
MUMBAI-GORAKHPUR,MUMBAI,GORAKHPUR,101116.0,200.94864,20.076999999999998,365
MUMBAI-GUWAHATI,MUMBAI,GUWAHATI,143603.0,1430.0414799999999,110.19759,365
MUMBAI-GWALIOR,MUMBAI,GWALIOR,14401.0,30.35205,0.0,365
MUMBAI-HUBLI,MUMBAI,HUBLI,22457.0,0.622,5.577,365
MUMBAI-HYDERABAD,MUMBAI,HYDERABAD,747730.0,10278.01176,280.32254238195173,365
"MUMBAI-Hollongi Airport, Itanagar",MUMBAI,"Hollongi Airport, Itanagar",164.0,0.0,0.0,31
MUMBAI-IMPHAL,MUMBAI,IMPHAL,6237.0,9.573,0.0,365
MUMBAI-INDORE,MUMBAI,INDORE,259187.0,1239.903,202.986658259773,365
MUMBAI-ITANAGAR,MUMBAI,ITANAGAR,17.0,0.0,0.0,30
MUMBAI-JABALPUR,MUMBAI,JABALPUR,47346.0,130.65532000000002,1.14,365
MUMBAI-JAIPUR,MUMBAI,JAIPUR,489082.0,2186.74754,337.88201000000004,365
MUMBAI-JAISALMER,MUMBAI,JAISALMER,8108.0,0.0,0.0,182
MUMBAI-JALGAON,MUMBAI,JALGAON,447.0,0.0,0.0,59
MUMBAI-JAMMU,MUMBAI,JAMMU,90570.0,249.87423,19.983,365
MUMBAI-JAMNAGAR,MUMBAI,JAMNAGAR,45915.0,15.284,0.0,365
MUMBAI-JHARSUGUDA,MUMBAI,JHARSUGUDA,221.0,0.0,0.0,31
MUMBAI-JODHPUR,MUMBAI,JODHPUR,127929.0,28.8437,69.523,365
MUMBAI-KANDLA,MUMBAI,KANDLA,30494.0,0.12196000000000001,0.0,365
MUMBAI-KANNUR,MUMBAI,KANNUR,46163.0,40.7811,0.0,365
MUMBAI-KANPUR,MUMBAI,KANPUR,69079.0,144.22357000000002,8.657,365
MUMBAI-KESHOD,MUMBAI,KESHOD,2171.0,0.012105000000000001,0.0,92
MUMBAI-KOCHI,MUMBAI,KOCHI,368562.0,2414.71634,291.87781688553974,365
MUMBAI-KOLHAPUR,MUMBAI,KOLHAPUR,1649.0,0.0,0.0,151
MUMBAI-KOLKATA,MUMBAI,KOLKATA,735166.0,6158.19206,335.3237683831283,365
MUMBAI-KOZHIKODE,MUMBAI,KOZHIKODE,78509.0,233.998,24.5,365
MUMBAI-LEH,MUMBAI,LEH,25413.0,70.77474,0.0,183
MUMBAI-LUCKNOW,MUMBAI,LUCKNOW,356358.0,2050.94679,208.77349,365
MUMBAI-MADURAI,MUMBAI,MADURAI,78694.0,175.34933,21.629203747072598,365
MUMBAI-MANGALORE,MUMBAI,MANGALORE,249854.0,105.11200000000001,55.409,365
MUMBAI-NAGPUR,MUMBAI,NAGPUR,344927.0,1986.5531799999999,396.529,365
MUMBAI-NANDED,MUMBAI,NANDED,1068.0,0.0,0.0,90
MUMBAI-PATNA,MUMBAI,PATNA,220294.0,2025.97572,156.698,365
MUMBAI-PORBANDAR,MUMBAI,PORBANDAR,8342.0,0.048,0.0,184
MUMBAI-PORT BLAIR,MUMBAI,PORT BLAIR,9626.0,6.731,0.0,335
MUMBAI-PUNE,MUMBAI,PUNE,873.0,0.0,0.0,241
MUMBAI-RAIPUR,MUMBAI,RAIPUR,179630.0,1272.6308000000001,228.691,365
MUMBAI-RAJKOT,MUMBAI,RAJKOT,150615.0,105.13975,65.743,365
MUMBAI-RANCHI,MUMBAI,RANCHI,153242.0,981.77531,165.21612,365
MUMBAI-SILCHAR,MUMBAI,SILCHAR,502.0,0.0,0.0,365
MUMBAI-SRINAGAR,MUMBAI,SRINAGAR,149023.0,315.316,21.8575,365
MUMBAI-SURAT,MUMBAI,SURAT,14027.0,23.17415,0.0,273
MUMBAI-Sindhudurg Airport,MUMBAI,Sindhudurg Airport,19076.0,0.0352,0.0,365
MUMBAI-TIRUPATI,MUMBAI,TIRUPATI,22878.0,28.7855,0.0,365
MUMBAI-TRIVANDRUM,MUMBAI,TRIVANDRUM,127668.0,217.9866,55.572,365
MUMBAI-UDAIPUR,MUMBAI,UDAIPUR,243900.0,105.52438000000001,0.446,365
MUMBAI-VADODARA,MUMBAI,VADODARA,153179.0,139.578,55.958,365
MUMBAI-VARANASI,MUMBAI,VARANASI,303855.0,741.82295,86.37687,365
MUMBAI-VIJAYAWADA,MUMBAI,VIJAYAWADA,30.0,0.0,0.0,30
MUMBAI-VISAKHAPATNAM,MUMBAI,VISAKHAPATNAM,71925.0,128.9383,30.668,365
MYSORE-AGATTI ISLAND,MYSORE,AGATTI ISLAND,102.0,0.0,0.0,304
MYSORE-BENGALURU,MYSORE,BENGALURU,7592.0,0.0,0.0,335
MYSORE-CHENNAI,MYSORE,CHENNAI,20574.0,0.0,0.0,365
MYSORE-COIMBATORE,MYSORE,COIMBATORE,0.0,0.0,0.0,31
MYSORE-DABOLIM,MYSORE,DABOLIM,12997.0,0.0,0.0,365
MYSORE-HUBLI,MYSORE,HUBLI,2112.0,0.0,0.0,245
MYSORE-HYDERABAD,MYSORE,HYDERABAD,31434.0,0.0,0.0,365
MYSORE-KOCHI,MYSORE,KOCHI,8694.0,8.76,0.0,335
NAGPUR-AHMEDABAD,NAGPUR,AHMEDABAD,34133.0,2.177,0.0,365
NAGPUR-BELGAUM,NAGPUR,BELGAUM,2305.0,0.0,0.0,275
NAGPUR-BENGALURU,NAGPUR,BENGALURU,133745.0,238.447,23.538,365
NAGPUR-BHOPAL,NAGPUR,BHOPAL,1.0,0.0,0.0,31
NAGPUR-CHENNAI,NAGPUR,CHENNAI,15763.0,22.636000000000003,0.0,304
NAGPUR-DABOLIM,NAGPUR,DABOLIM,28099.0,1.746,0.0,307
NAGPUR-DELHI,NAGPUR,DELHI,240638.0,746.6973,66.632,365
NAGPUR-HYDERABAD,NAGPUR,HYDERABAD,23943.0,0.64,0.0,365
NAGPUR-INDORE,NAGPUR,INDORE,22108.0,0.496,0.0,365
NAGPUR-JAIPUR,NAGPUR,JAIPUR,0.0,0.0,0.0,31
NAGPUR-JODHPUR,NAGPUR,JODHPUR,23.0,0.0,0.0,31
NAGPUR-JORHAT,NAGPUR,JORHAT,7.0,0.0,0.0,28
NAGPUR-KOCHI,NAGPUR,KOCHI,32.0,0.004,0.0,61
NAGPUR-KOLKATA,NAGPUR,KOLKATA,48263.0,96.725,0.0,365
NAGPUR-LUCKNOW,NAGPUR,LUCKNOW,20035.0,0.182,0.0,365
NAGPUR-MUMBAI,NAGPUR,MUMBAI,366456.0,1385.00604,24.508,365
NAGPUR-PUNE,NAGPUR,PUNE,190737.0,139.7501,32.378,365
NAGPUR-RAIPUR,NAGPUR,RAIPUR,433.0,0.0,0.0,121
NAGPUR-VARANASI,NAGPUR,VARANASI,0.0,0.0,0.0,30
NANDED-AMRITSAR,NANDED,AMRITSAR,1378.0,0.0,0.0,90
NANDED-HYDERABAD,NANDED,HYDERABAD,161.0,0.0,0.0,28
NANDED-MUMBAI,NANDED,MUMBAI,905.0,0.0,0.0,90
NASIK-AHMEDABAD,NASIK,AHMEDABAD,8202.0,0.0,0.0,304
NASIK-BELGAUM,NASIK,BELGAUM,3701.0,0.0,0.0,304
NASIK-BENGALURU,NASIK,BENGALURU,222.0,0.0,0.0,92
NASIK-CHENNAI,NASIK,CHENNAI,1344.0,0.0,0.0,184
NASIK-DELHI,NASIK,DELHI,20284.0,0.81336,0.0,365
NASIK-HYDERABAD,NASIK,HYDERABAD,8984.0,0.0,0.0,184
NASIK-PUNE,NASIK,PUNE,7836.0,1.72,0.0,304
NASIK-TIRUPATI,NASIK,TIRUPATI,204.0,0.0,0.0,31
PAKYONG-DELHI,PAKYONG,DELHI,9201.0,0.0,0.0,273
PAKYONG-KOLKATA,PAKYONG,KOLKATA,8053.0,0.0,0.0,273
PANTNAGAR-DEHRA DUN,PANTNAGAR,DEHRA DUN,7645.0,0.0,0.0,304
PANTNAGAR-DELHI,PANTNAGAR,DELHI,23075.0,0.0,0.0,365
PANTNAGAR-LUCKNOW,PANTNAGAR,LUCKNOW,4226.0,0.0,0.0,214
PASIGHAT-DIBRUGARH,PASIGHAT,DIBRUGARH,12.0,0.0,0.0,61
PASIGHAT-GUWAHATI,PASIGHAT,GUWAHATI,5259.0,0.0,0.0,365
"PASIGHAT-Hollongi Airport, Itanagar",PASIGHAT,"Hollongi Airport, Itanagar",49.0,0.0,0.0,31
PASIGHAT-ITANAGAR,PASIGHAT,ITANAGAR,0.0,0.0,0.0,30
PASIGHAT-KOLKATA,PASIGHAT,KOLKATA,566.0,0.0,0.0,304
PASIGHAT-LILABARI,PASIGHAT,LILABARI,13.0,0.00447,0.0,61
PASIGHAT-TEZPUR,PASIGHAT,TEZPUR,216.0,0.0,0.0,365
PATHANKOT-DELHI,PATHANKOT,DELHI,3903.0,0.0,0.0,242
PATNA-AHMEDABAD,PATNA,AHMEDABAD,66595.0,86.02014999999999,7.03,365
PATNA-AMRITSAR,PATNA,AMRITSAR,13974.0,2.2826500000000003,0.0,334
PATNA-BAGDOGRA,PATNA,BAGDOGRA,466.0,10.214739999999999,0.0,59
PATNA-BENGALURU,PATNA,BENGALURU,245547.0,595.73521,36.410000000000004,365
PATNA-BHUBANESWAR,PATNA,BHUBANESWAR,24826.0,1.784,0.011,306
PATNA-CHANDIGARH,PATNA,CHANDIGARH,35053.0,1.008,0.611,306
PATNA-CHENNAI,PATNA,CHENNAI,43656.0,42.7862,13.492,365
PATNA-DEHRA DUN,PATNA,DEHRA DUN,356.0,0.0,0.0,92
PATNA-DELHI,PATNA,DELHI,729635.0,1090.07168,178.54948000000002,365
PATNA-GUWAHATI,PATNA,GUWAHATI,41537.0,36.86745,1.2429999999999999,365
PATNA-HYDERABAD,PATNA,HYDERABAD,104130.0,65.6757,25.628,365
PATNA-JAIPUR,PATNA,JAIPUR,6237.0,0.288,0.0,214
PATNA-KOCHI,PATNA,KOCHI,934.0,0.204,0.0,92
PATNA-KOLKATA,PATNA,KOLKATA,118389.0,172.78121,73.03,365
PATNA-LUCKNOW,PATNA,LUCKNOW,41096.0,8.874,28.416,365
PATNA-MUMBAI,PATNA,MUMBAI,222795.0,293.75307,36.062,365
PATNA-PUNE,PATNA,PUNE,72063.0,10.193859999999999,0.952,365
PATNA-RANCHI,PATNA,RANCHI,40828.0,22.7007,0.189,365
PATNA-SRINAGAR,PATNA,SRINAGAR,0.0,0.0,0.0,92
PATNA-TRIVANDRUM,PATNA,TRIVANDRUM,79.0,0.0,0.0,61
PATNA-VARANASI,PATNA,VARANASI,2262.0,4.94569,0.0,304
PONDICHERRY-BENGALURU,PONDICHERRY,BENGALURU,12034.0,4.947,0.0,306
PONDICHERRY-HYDERABAD,PONDICHERRY,HYDERABAD,19401.0,0.0,0.0,306
PORBANDAR-AHMEDABAD,PORBANDAR,AHMEDABAD,468.0,0.0,0.0,31
PORBANDAR-DELHI,PORBANDAR,DELHI,2073.0,0.0,0.0,153
PORBANDAR-MUMBAI,PORBANDAR,MUMBAI,6916.0,0.0,0.0,184
PORT BLAIR-AHMEDABAD,PORT BLAIR,AHMEDABAD,92.0,0.0,0.0,92
PORT BLAIR-BENGALURU,PORT BLAIR,BENGALURU,72944.0,173.677,0.0,365
PORT BLAIR-CHENNAI,PORT BLAIR,CHENNAI,204961.0,1264.66928,21.643,365
PORT BLAIR-DELHI,PORT BLAIR,DELHI,46941.0,214.56900000000002,0.003,365
PORT BLAIR-HYDERABAD,PORT BLAIR,HYDERABAD,17679.0,19.193,0.0,243
PORT BLAIR-JAIPUR,PORT BLAIR,JAIPUR,0.0,0.0,0.0,28
PORT BLAIR-KOLKATA,PORT BLAIR,KOLKATA,205066.0,754.45297,30.16,365
PORT BLAIR-MUMBAI,PORT BLAIR,MUMBAI,7517.0,3.76,0.0,335
PORT BLAIR-PUNE,PORT BLAIR,PUNE,21.0,0.0,0.0,31
PORT BLAIR-VISAKHAPATNAM,PORT BLAIR,VISAKHAPATNAM,15039.0,1.9900000000000002,0.0,365
PUNE-AHMEDABAD,PUNE,AHMEDABAD,172799.0,480.21518,16.566,365
PUNE-ALLAHABAD,PUNE,ALLAHABAD,23669.0,1.3579999999999999,3.0,365
PUNE-AMRITSAR,PUNE,AMRITSAR,34906.0,6.481,0.899,337
PUNE-BELGAUM,PUNE,BELGAUM,7250.0,0.06,0.0,304
PUNE-BENGALURU,PUNE,BENGALURU,617937.0,2363.51854,17.697,365
PUNE-BHAVNAGAR,PUNE,BHAVNAGAR,9297.0,0.0,0.0,245
PUNE-BHOPAL,PUNE,BHOPAL,9341.0,1.186,0.0,212
PUNE-BHUBANESWAR,PUNE,BHUBANESWAR,55127.0,67.993,3.4325,365
PUNE-CHANDIGARH,PUNE,CHANDIGARH,53451.0,179.934,0.026,365
PUNE-CHENNAI,PUNE,CHENNAI,239880.0,2597.27414,62.528,365
PUNE-COIMBATORE,PUNE,COIMBATORE,31266.0,172.753,3.049,337
PUNE-DABOLIM,PUNE,DABOLIM,103677.0,24.65541,0.0,365
PUNE-DEHRA DUN,PUNE,DEHRA DUN,6604.0,4.011,2.956,306
PUNE-DELHI,PUNE,DELHI,1121125.0,8262.07192,56.313,365
PUNE-DIU,PUNE,DIU,4.0,0.0,0.0,62
PUNE-GUWAHATI,PUNE,GUWAHATI,39419.0,167.942,10.591000000000001,365
PUNE-HYDERABAD,PUNE,HYDERABAD,187761.0,483.63302,45.214,365
PUNE-INDORE,PUNE,INDORE,49952.0,112.675,7.97,365
PUNE-JABALPUR,PUNE,JABALPUR,21089.0,7.207090000000001,0.0,365
PUNE-JAIPUR,PUNE,JAIPUR,104975.0,1317.74836,0.0,365
PUNE-KOCHI,PUNE,KOCHI,53649.0,163.26757,4.906,365
PUNE-KOLKATA,PUNE,KOLKATA,152401.0,1090.1743900000001,12.515,365
PUNE-LUCKNOW,PUNE,LUCKNOW,47078.0,239.24299,12.908,365
PUNE-MANGALORE,PUNE,MANGALORE,10108.0,0.992,2.004,276
PUNE-MUMBAI,PUNE,MUMBAI,421.0,0.0,0.0,241
PUNE-NAGPUR,PUNE,NAGPUR,175854.0,448.29965,31.924,365
PUNE-NASIK,PUNE,NASIK,7781.0,0.0,0.0,304
PUNE-PATNA,PUNE,PATNA,64493.0,143.33766,6.209,365
PUNE-PORT BLAIR,PUNE,PORT BLAIR,0.0,0.0,0.0,31
PUNE-RAIPUR,PUNE,RAIPUR,23143.0,22.08,3.673,365
PUNE-RANCHI,PUNE,RANCHI,42568.0,174.716,4.011,306
PUNE-SURAT,PUNE,SURAT,3345.0,0.273,0.0,91
PUNE-TIRUPATI,PUNE,TIRUPATI,9989.0,0.28378,0.0,365
PUNE-TRIVANDRUM,PUNE,TRIVANDRUM,20209.0,31.143,2.032,215
PUNE-VISAKHAPATNAM,PUNE,VISAKHAPATNAM,5430.0,1.206,0.40800000000000003,184
RAIPUR-AHMEDABAD,RAIPUR,AHMEDABAD,17160.0,5.672999999999999,2.347,245
RAIPUR-ALLAHABAD,RAIPUR,ALLAHABAD,19550.0,0.017,0.0,365
RAIPUR-BENGALURU,RAIPUR,BENGALURU,100570.0,48.795,25.612,365
RAIPUR-BHOPAL,RAIPUR,BHOPAL,17615.0,0.065,0.011,365
RAIPUR-BHUBANESWAR,RAIPUR,BHUBANESWAR,15491.0,0.27,1.309,365
RAIPUR-CHANDIGARH,RAIPUR,CHANDIGARH,17.0,0.0,0.0,30
RAIPUR-CHENNAI,RAIPUR,CHENNAI,30765.0,8.794,9.881,365
RAIPUR-COIMBATORE,RAIPUR,COIMBATORE,260.0,0.0,0.0,61
RAIPUR-DABOLIM,RAIPUR,DABOLIM,13646.0,0.671,0.0,365
RAIPUR-DELHI,RAIPUR,DELHI,340021.0,369.2425,55.202,365
RAIPUR-HYDERABAD,RAIPUR,HYDERABAD,103025.0,20.722,15.581,365
RAIPUR-INDORE,RAIPUR,INDORE,47480.0,23.96,19.191,365
RAIPUR-JAGDALPUR,RAIPUR,JAGDALPUR,13885.0,0.0,0.0,365
RAIPUR-JHARSUGUDA,RAIPUR,JHARSUGUDA,5943.0,0.14,0.0,334
RAIPUR-KOCHI,RAIPUR,KOCHI,423.0,0.1,0.032,123
RAIPUR-KOLKATA,RAIPUR,KOLKATA,97368.0,20.845,42.096000000000004,365
RAIPUR-LUCKNOW,RAIPUR,LUCKNOW,15735.0,1.037,2.334,335
RAIPUR-MANGALORE,RAIPUR,MANGALORE,0.0,0.0,0.0,31
RAIPUR-MUMBAI,RAIPUR,MUMBAI,179467.0,408.21000000000004,5.811299670860712,365
RAIPUR-NAGPUR,RAIPUR,NAGPUR,204.0,0.0,0.0,121
RAIPUR-PUNE,RAIPUR,PUNE,23153.0,1.673,0.0,365
RAIPUR-SRINAGAR,RAIPUR,SRINAGAR,4905.0,0.648,0.0,245
RAIPUR-TRIVANDRUM,RAIPUR,TRIVANDRUM,134.0,0.0,0.0,62
RAIPUR-VISAKHAPATNAM,RAIPUR,VISAKHAPATNAM,6051.0,4.175,0.1562996708607122,365
RAJAHMUNDRY-BENGALURU,RAJAHMUNDRY,BENGALURU,41358.0,1.004,0.005,365
RAJAHMUNDRY-CHENNAI,RAJAHMUNDRY,CHENNAI,25235.0,0.047,0.0,365
RAJAHMUNDRY-HYDERABAD,RAJAHMUNDRY,HYDERABAD,114120.0,6.293,0.0,365
RAJAHMUNDRY-TIRUPATI,RAJAHMUNDRY,TIRUPATI,4976.0,0.0,0.0,276
RAJAHMUNDRY-VIJAYAWADA,RAJAHMUNDRY,VIJAYAWADA,0.0,0.0,0.0,30
RAJAHMUNDRY-VISAKHAPATNAM,RAJAHMUNDRY,VISAKHAPATNAM,6404.0,1.6400000000000001,0.0,365
RAJKOT-AHMEDABAD,RAJKOT,AHMEDABAD,3.0,0.0,0.0,31
RAJKOT-AMRITSAR,RAJKOT,AMRITSAR,86.0,0.0,0.0,31
RAJKOT-BENGALURU,RAJKOT,BENGALURU,44585.0,45.313,0.0,365
RAJKOT-CHENNAI,RAJKOT,CHENNAI,29.0,0.209,0.0,30
RAJKOT-DABOLIM,RAJKOT,DABOLIM,17632.0,1.1392,0.0,365
RAJKOT-DELHI,RAJKOT,DELHI,141756.0,244.36377000000002,0.0,365
RAJKOT-MUMBAI,RAJKOT,MUMBAI,146908.0,88.35605,0.0,365
RANCHI-AHMEDABAD,RANCHI,AHMEDABAD,16493.0,2.367,1.177,245
RANCHI-BAGDOGRA,RANCHI,BAGDOGRA,123.0,0.0,0.0,121
RANCHI-BENGALURU,RANCHI,BENGALURU,197293.0,376.597,23.909,365
RANCHI-BHUBANESWAR,RANCHI,BHUBANESWAR,8466.0,1.2570000000000001,1.952,365
RANCHI-CHENNAI,RANCHI,CHENNAI,49845.0,29.968,3.7089999999999996,365
RANCHI-DELHI,RANCHI,DELHI,420409.0,710.56617,114.83803,365
RANCHI-HYDERABAD,RANCHI,HYDERABAD,69787.0,16.733999999999998,5.184,365
RANCHI-KOCHI,RANCHI,KOCHI,2639.0,0.11699999999999999,0.396,304
RANCHI-KOLKATA,RANCHI,KOLKATA,65027.0,89.12344,11.325,365
RANCHI-LUCKNOW,RANCHI,LUCKNOW,38693.0,20.74926,2.301,365
RANCHI-MANGALORE,RANCHI,MANGALORE,107.0,0.0,0.0,92
RANCHI-MUMBAI,RANCHI,MUMBAI,171809.0,390.74089999999995,32.8955,365
RANCHI-PATNA,RANCHI,PATNA,39923.0,25.94264,0.125,365
RANCHI-PUNE,RANCHI,PUNE,44379.0,26.649,2.0749999999999997,306
RANCHI-SHILLONG,RANCHI,SHILLONG,0.0,0.0,0.0,31
RANCHI-VARANASI,RANCHI,VARANASI,1754.0,2.3962,0.0,91
RANCHI-VISAKHAPATNAM,RANCHI,VISAKHAPATNAM,18.0,0.0,0.0,61
RUPSI-GUWAHATI,RUPSI,GUWAHATI,8347.0,0.0,0.0,365
RUPSI-KOLKATA,RUPSI,KOLKATA,16112.0,0.0,0.0,365
SHILLONG-AGARTALA,SHILLONG,AGARTALA,7044.0,0.0,0.0,365
SHILLONG-AIZAWL,SHILLONG,AIZAWL,4607.0,0.0,0.0,365
SHILLONG-DELHI,SHILLONG,DELHI,236.0,0.0,0.0,61
SHILLONG-DIBRUGARH,SHILLONG,DIBRUGARH,3921.0,0.0,0.0,365
SHILLONG-DIMAPUR,SHILLONG,DIMAPUR,2611.0,0.0,0.0,365
SHILLONG-GUWAHATI,SHILLONG,GUWAHATI,850.0,0.0,0.0,365
SHILLONG-IMPHAL,SHILLONG,IMPHAL,8247.0,0.0,0.0,365
SHILLONG-KOLKATA,SHILLONG,KOLKATA,16632.0,0.12,0.0,365
SHILLONG-LILABARI,SHILLONG,LILABARI,73.0,0.0,0.0,92
SHILLONG-RANCHI,SHILLONG,RANCHI,43.0,0.0,0.0,31
SHILLONG-SILCHAR,SHILLONG,SILCHAR,3952.0,0.0,0.0,365
SHIRDI-AHMEDABAD,SHIRDI,AHMEDABAD,969.0,0.064,0.0,153
SHIRDI-BENGALURU,SHIRDI,BENGALURU,71827.0,42.61205,0.215,365
SHIRDI-CHENNAI,SHIRDI,CHENNAI,66368.0,115.92622999999999,0.0,365
SHIRDI-DELHI,SHIRDI,DELHI,98343.0,141.06154999999998,5.266,365
SHIRDI-DURGAPUR,SHIRDI,DURGAPUR,8.0,0.0,0.0,92
SHIRDI-HYDERABAD,SHIRDI,HYDERABAD,82730.0,49.9877,0.0,365
SHIRDI-TIRUPATI,SHIRDI,TIRUPATI,6834.0,0.0556,0.0,306
SHIRDI-VISAKHAPATNAM,SHIRDI,VISAKHAPATNAM,515.0,0.0,0.0,275
SILCHAR-AIZAWL,SILCHAR,AIZAWL,0.0,0.0,0.0,30
SILCHAR-BAGDOGRA,SILCHAR,BAGDOGRA,0.0,0.0,0.0,30
SILCHAR-BENGALURU,SILCHAR,BENGALURU,2622.0,0.009000000000000001,0.0,154
SILCHAR-DELHI,SILCHAR,DELHI,20244.0,0.65,0.0,365
SILCHAR-GUWAHATI,SILCHAR,GUWAHATI,45209.0,4.8114,0.04,365
SILCHAR-IMPHAL,SILCHAR,IMPHAL,1655.0,0.0,0.0,61
SILCHAR-KOLKATA,SILCHAR,KOLKATA,117311.0,3.572,0.0,365
SILCHAR-MUMBAI,SILCHAR,MUMBAI,968.0,0.0,0.0,365
SILCHAR-SHILLONG,SILCHAR,SHILLONG,5021.0,0.0,0.0,365
SIMLA-DELHI,SIMLA,DELHI,1985.0,0.0,0.0,92
SIMLA-DHARAMSALA,SIMLA,DHARAMSALA,13.0,0.0,0.0,31
SIMLA-KULLU,SIMLA,KULLU,36.0,0.0,0.0,31
SRINAGAR-AHMEDABAD,SRINAGAR,AHMEDABAD,123.0,0.0,0.0,31
SRINAGAR-AMRITSAR,SRINAGAR,AMRITSAR,69350.0,25.1275,6.814,365
SRINAGAR-BENGALURU,SRINAGAR,BENGALURU,18657.0,138.198,0.0,365
SRINAGAR-CHANDIGARH,SRINAGAR,CHANDIGARH,127172.0,301.23822,6.763,365
SRINAGAR-CHENNAI,SRINAGAR,CHENNAI,5153.0,144.65,0.0,306
SRINAGAR-DELHI,SRINAGAR,DELHI,1374935.0,2712.58844,359.959,365
SRINAGAR-DURGAPUR,SRINAGAR,DURGAPUR,18.0,0.0,0.0,123
SRINAGAR-HYDERABAD,SRINAGAR,HYDERABAD,26676.0,12.829,0.0,304
SRINAGAR-JAMMU,SRINAGAR,JAMMU,202624.0,49.14769,28.186,365
SRINAGAR-KOLKATA,SRINAGAR,KOLKATA,16266.0,44.008,0.0,365
SRINAGAR-LEH,SRINAGAR,LEH,12292.0,15.848,0.0,365
SRINAGAR-LUCKNOW,SRINAGAR,LUCKNOW,7576.0,11.794,0.0,245
SRINAGAR-MUMBAI,SRINAGAR,MUMBAI,232588.0,1289.72154,19.246,365
SRINAGAR-PATNA,SRINAGAR,PATNA,83.0,0.0,0.0,92
SRINAGAR-RAIPUR,SRINAGAR,RAIPUR,4930.0,0.761,0.0,245
SRINAGAR-VARANASI,SRINAGAR,VARANASI,8.0,0.0,0.0,31
SURAT-AJMER,SURAT,AJMER,5049.0,0.0,0.0,365
SURAT-BAGDOGRA,SURAT,BAGDOGRA,32.0,0.0,0.0,31
SURAT-BELGAUM,SURAT,BELGAUM,4704.0,0.0,0.0,365
SURAT-BENGALURU,SURAT,BENGALURU,64780.0,315.345,11.807,365
SURAT-BHAVNAGAR,SURAT,BHAVNAGAR,95.0,0.0,0.0,31
SURAT-BHOPAL,SURAT,BHOPAL,0.0,0.0,0.0,28
SURAT-BHUBANESWAR,SURAT,BHUBANESWAR,1088.0,0.173,0.0,90
SURAT-CHENNAI,SURAT,CHENNAI,31326.0,146.365,4.667,337
SURAT-COIMBATORE,SURAT,COIMBATORE,5006.0,4.135,0.0,337
SURAT-DABOLIM,SURAT,DABOLIM,59790.0,229.63717,2.868,365
SURAT-DELHI,SURAT,DELHI,232642.0,870.52258,12.396,365
SURAT-HYDERABAD,SURAT,HYDERABAD,49967.0,407.937,7.9030000000000005,365
SURAT-INDORE,SURAT,INDORE,2249.0,0.0,0.0,90
SURAT-JAIPUR,SURAT,JAIPUR,35615.0,131.29639,0.184,365
SURAT-JAISALMER,SURAT,JAISALMER,18.0,0.0,0.0,31
SURAT-KOLKATA,SURAT,KOLKATA,62760.0,489.06076,0.097,365
SURAT-MUMBAI,SURAT,MUMBAI,14495.0,103.66077,0.0,273
SURAT-PUNE,SURAT,PUNE,3508.0,73.72646999999999,0.0,91
Sindhudurg Airport-MUMBAI,Sindhudurg Airport,MUMBAI,18431.0,0.0,0.0,365
TEZPUR-GUWAHATI,TEZPUR,GUWAHATI,485.0,0.0,0.0,365
TEZPUR-KOLKATA,TEZPUR,KOLKATA,2388.0,0.0,0.0,304
TEZPUR-LILABARI,TEZPUR,LILABARI,1.0,0.0,0.0,61
TEZPUR-PASIGHAT,TEZPUR,PASIGHAT,68.0,0.1,0.0,365
TEZU-DIBRUGARH,TEZU,DIBRUGARH,72.0,0.0,0.0,92
TEZU-GUWAHATI,TEZU,GUWAHATI,7961.0,0.0,0.0,365
TEZU-IMPHAL,TEZU,IMPHAL,2735.0,0.0,0.0,122
TIRUCHIRAPALLY-BENGALURU,TIRUCHIRAPALLY,BENGALURU,42676.0,0.193,0.0,365
TIRUCHIRAPALLY-CHENNAI,TIRUCHIRAPALLY,CHENNAI,73855.0,2.214,0.0,365
TIRUCHIRAPALLY-DELHI,TIRUCHIRAPALLY,DELHI,7609.0,2.262,0.0,337
TIRUCHIRAPALLY-HYDERABAD,TIRUCHIRAPALLY,HYDERABAD,34477.0,0.5219999999999999,0.0,365
TIRUCHIRAPALLY-KANNUR,TIRUCHIRAPALLY,KANNUR,12.0,0.0,0.0,31
TIRUCHIRAPALLY-TIRUPATI,TIRUCHIRAPALLY,TIRUPATI,262.0,0.0,0.0,92
TIRUPATI-BELGAUM,TIRUPATI,BELGAUM,3257.0,0.0,0.0,365
TIRUPATI-BENGALURU,TIRUPATI,BENGALURU,21729.0,0.005,0.0,365
TIRUPATI-CHENNAI,TIRUPATI,CHENNAI,0.0,0.0,0.0,61
TIRUPATI-COIMBATORE,TIRUPATI,COIMBATORE,4375.0,0.0,0.0,276
TIRUPATI-DELHI,TIRUPATI,DELHI,25031.0,27.939999999999998,0.0,365
TIRUPATI-HUBLI,TIRUPATI,HUBLI,684.0,0.0,0.0,120
TIRUPATI-HYDERABAD,TIRUPATI,HYDERABAD,279996.0,38.25285,0.017,365
TIRUPATI-KALABURAGI,TIRUPATI,KALABURAGI,3445.0,0.0,0.0,365
TIRUPATI-KOLHAPUR,TIRUPATI,KOLHAPUR,20135.0,0.0,0.0,365
TIRUPATI-MADURAI,TIRUPATI,MADURAI,8012.0,0.0,0.0,365
TIRUPATI-MUMBAI,TIRUPATI,MUMBAI,21214.0,23.0369,0.0,365
TIRUPATI-NASIK,TIRUPATI,NASIK,208.0,0.0,0.0,31
TIRUPATI-PUNE,TIRUPATI,PUNE,9830.0,2.646,0.0,365
TIRUPATI-RAJAHMUNDRY,TIRUPATI,RAJAHMUNDRY,4256.0,0.0,0.0,276
TIRUPATI-SHIRDI,TIRUPATI,SHIRDI,6883.0,0.0,0.0,306
TIRUPATI-TIRUCHIRAPALLY,TIRUPATI,TIRUCHIRAPALLY,178.0,0.0,0.0,92
TIRUPATI-VIJAYAWADA,TIRUPATI,VIJAYAWADA,11433.0,4.756,14.784,365
TIRUPATI-VISAKHAPATNAM,TIRUPATI,VISAKHAPATNAM,22598.0,0.352,0.182,365
TRIVANDRUM-AHMEDABAD,TRIVANDRUM,AHMEDABAD,1742.0,0.222,0.0,214
TRIVANDRUM-BENGALURU,TRIVANDRUM,BENGALURU,196023.0,65.47800000000001,55.424,365
TRIVANDRUM-CHENNAI,TRIVANDRUM,CHENNAI,144525.0,41.513999999999996,34.285000000000004,365
TRIVANDRUM-COIMBATORE,TRIVANDRUM,COIMBATORE,9.0,0.0,0.0,31
TRIVANDRUM-DABOLIM,TRIVANDRUM,DABOLIM,4.0,0.0,0.0,31
TRIVANDRUM-DELHI,TRIVANDRUM,DELHI,140732.0,96.9946,50.17600664882663,365
TRIVANDRUM-DURGAPUR,TRIVANDRUM,DURGAPUR,459.0,0.1,0.0,245
TRIVANDRUM-HYDERABAD,TRIVANDRUM,HYDERABAD,58871.0,43.219,19.939,365
TRIVANDRUM-INDORE,TRIVANDRUM,INDORE,3.0,0.0,0.0,31
TRIVANDRUM-KANNUR,TRIVANDRUM,KANNUR,20358.0,0.298,0.0,365
TRIVANDRUM-KOCHI,TRIVANDRUM,KOCHI,20368.0,0.015,0.128,365
TRIVANDRUM-KOLKATA,TRIVANDRUM,KOLKATA,3785.0,19.922,0.0,306
TRIVANDRUM-KOZHIKODE,TRIVANDRUM,KOZHIKODE,169.0,0.0,0.0,30
TRIVANDRUM-MANGALORE,TRIVANDRUM,MANGALORE,1.0,0.0,0.0,31
TRIVANDRUM-MUMBAI,TRIVANDRUM,MUMBAI,135251.0,87.5265,48.485,365
TRIVANDRUM-PATNA,TRIVANDRUM,PATNA,0.0,0.0,0.0,61
TRIVANDRUM-PUNE,TRIVANDRUM,PUNE,18976.0,9.924,0.0,215
TRIVANDRUM-RAIPUR,TRIVANDRUM,RAIPUR,202.0,0.0,0.0,62
TRIVANDRUM-TUTICORIN,TRIVANDRUM,TUTICORIN,37.0,0.0,0.0,31
TUTICORIN-BENGALURU,TUTICORIN,BENGALURU,17373.0,0.084,0.0,365
TUTICORIN-CHENNAI,TUTICORIN,CHENNAI,74752.0,1.205,0.0,365
TUTICORIN-TRIVANDRUM,TUTICORIN,TRIVANDRUM,0.0,0.0,0.0,31
UDAIPUR-AHMEDABAD,UDAIPUR,AHMEDABAD,2685.0,2.0,0.0,182
UDAIPUR-BENGALURU,UDAIPUR,BENGALURU,40426.0,14.142,0.0,365
UDAIPUR-BHOPAL,UDAIPUR,BHOPAL,1205.0,0.0,0.0,61
UDAIPUR-CHENNAI,UDAIPUR,CHENNAI,128.0,0.0,0.0,60
UDAIPUR-DELHI,UDAIPUR,DELHI,232612.0,176.8091,0.446,365
UDAIPUR-GUWAHATI,UDAIPUR,GUWAHATI,274.0,0.0,0.0,123
UDAIPUR-HYDERABAD,UDAIPUR,HYDERABAD,42742.0,8.072,0.0,365
UDAIPUR-INDORE,UDAIPUR,INDORE,0.0,0.0,0.0,30
UDAIPUR-JAIPUR,UDAIPUR,JAIPUR,19919.0,1.2220000000000002,0.0,304
UDAIPUR-KOLKATA,UDAIPUR,KOLKATA,6018.0,0.248,0.0,304
UDAIPUR-LUCKNOW,UDAIPUR,LUCKNOW,30.0,0.0,0.0,31
UDAIPUR-MUMBAI,UDAIPUR,MUMBAI,246394.0,16.5514,0.2,365
VADODARA-BENGALURU,VADODARA,BENGALURU,58427.0,129.497,3.781,365
VADODARA-CHANDIGARH,VADODARA,CHANDIGARH,1290.0,0.0,0.0,245
VADODARA-CHENNAI,VADODARA,CHENNAI,7530.0,25.883,0.357,275
VADODARA-DELHI,VADODARA,DELHI,213632.0,510.568,20.924,365
VADODARA-DURGAPUR,VADODARA,DURGAPUR,229.0,0.0,0.0,245
VADODARA-HYDERABAD,VADODARA,HYDERABAD,60376.0,96.48599999999999,6.854,365
VADODARA-JAIPUR,VADODARA,JAIPUR,3359.0,0.02,0.0,245
VADODARA-KOCHI,VADODARA,KOCHI,0.0,0.0,0.0,90
VADODARA-MUMBAI,VADODARA,MUMBAI,161764.0,314.062,19.648,365
VARANASI-AHMEDABAD,VARANASI,AHMEDABAD,51830.0,17.717280000000002,0.016,365
VARANASI-BENGALURU,VARANASI,BENGALURU,153836.0,844.95373,3.871,365
VARANASI-BHUBANESWAR,VARANASI,BHUBANESWAR,19026.0,0.053,0.01,365
VARANASI-CHENNAI,VARANASI,CHENNAI,39885.0,161.45145,0.068,365
VARANASI-DABOLIM,VARANASI,DABOLIM,0.0,0.0,0.0,61
VARANASI-DEHRA DUN,VARANASI,DEHRA DUN,9024.0,7.92522,0.0,245
VARANASI-DELHI,VARANASI,DELHI,344243.0,526.21577,23.858999999999998,365
VARANASI-GORAKHPUR,VARANASI,GORAKHPUR,2106.0,0.0,0.0,184
VARANASI-GUWAHATI,VARANASI,GUWAHATI,5155.0,8.289439999999999,0.0,245
VARANASI-HYDERABAD,VARANASI,HYDERABAD,118682.0,315.885,3.543,365
VARANASI-JAIPUR,VARANASI,JAIPUR,6832.0,6.626550000000001,0.0,245
VARANASI-JAMMU,VARANASI,JAMMU,2110.0,0.0,0.0,92
VARANASI-KANNUR,VARANASI,KANNUR,0.0,0.0,0.0,61
VARANASI-KHAJURAHO,VARANASI,KHAJURAHO,347.0,0.42621999999999993,0.0,61
VARANASI-KOCHI,VARANASI,KOCHI,549.0,0.019999999999999997,0.0,92
VARANASI-KOLKATA,VARANASI,KOLKATA,57817.0,105.1139,1.8739999999999999,365
VARANASI-LUCKNOW,VARANASI,LUCKNOW,2114.0,13.5333,0.0,243
VARANASI-MUMBAI,VARANASI,MUMBAI,283666.0,304.21126,11.901,365
VARANASI-NAGPUR,VARANASI,NAGPUR,28.0,0.0,0.0,30
VARANASI-PATNA,VARANASI,PATNA,2716.0,12.810369999999999,0.0,304
VARANASI-RANCHI,VARANASI,RANCHI,241.0,0.0,0.0,91
VARANASI-SRINAGAR,VARANASI,SRINAGAR,0.0,0.0,0.0,31
VARANASI-VISAKHAPATNAM,VARANASI,VISAKHAPATNAM,468.0,0.0,0.0,92
VIDYANAGAR-BENGALURU,VIDYANAGAR,BENGALURU,2627.0,0.0,0.0,120
VIDYANAGAR-HYDERABAD,VIDYANAGAR,HYDERABAD,2181.0,0.12,0.0,120
VIJAYAWADA-BENGALURU,VIJAYAWADA,BENGALURU,101361.0,25.807,8.884,365
VIJAYAWADA-CHENNAI,VIJAYAWADA,CHENNAI,45834.0,18.527,0.012,365
VIJAYAWADA-DABOLIM,VIJAYAWADA,DABOLIM,335.0,0.0,0.0,92
VIJAYAWADA-DELHI,VIJAYAWADA,DELHI,99068.0,67.9962,0.01749514023882255,365
VIJAYAWADA-HYDERABAD,VIJAYAWADA,HYDERABAD,120848.0,73.89252,14.727,365
VIJAYAWADA-KADAPA,VIJAYAWADA,KADAPA,2159.0,0.0,0.0,306
VIJAYAWADA-MADURAI,VIJAYAWADA,MADURAI,1490.0,0.0,0.0,365
VIJAYAWADA-MUMBAI,VIJAYAWADA,MUMBAI,0.0,0.0,0.0,30
VIJAYAWADA-RAJAHMUNDRY,VIJAYAWADA,RAJAHMUNDRY,51.0,0.0,0.0,30
VIJAYAWADA-TIRUPATI,VIJAYAWADA,TIRUPATI,12448.0,0.377,0.0,365
VIJAYAWADA-VISAKHAPATNAM,VIJAYAWADA,VISAKHAPATNAM,21581.0,2.9930000000000003,0.0,365
VISAKHAPATNAM-AGARTALA,VISAKHAPATNAM,AGARTALA,184.0,0.0,0.0,61
VISAKHAPATNAM-AHMEDABAD,VISAKHAPATNAM,AHMEDABAD,3314.0,44.561,0.0,337
VISAKHAPATNAM-BENGALURU,VISAKHAPATNAM,BENGALURU,215767.0,665.3199999999999,10.181,365
VISAKHAPATNAM-CHENNAI,VISAKHAPATNAM,CHENNAI,123433.0,282.117,21.055,365
VISAKHAPATNAM-COIMBATORE,VISAKHAPATNAM,COIMBATORE,3286.0,0.081,0.0,306
VISAKHAPATNAM-DELHI,VISAKHAPATNAM,DELHI,215097.0,484.41720000000004,34.504,365
VISAKHAPATNAM-GUWAHATI,VISAKHAPATNAM,GUWAHATI,17.0,0.0,0.0,31
VISAKHAPATNAM-HYDERABAD,VISAKHAPATNAM,HYDERABAD,334022.0,596.95951,1.176,365
VISAKHAPATNAM-JEYPORE,VISAKHAPATNAM,JEYPORE,237.0,0.0,0.0,61
VISAKHAPATNAM-KADAPA,VISAKHAPATNAM,KADAPA,4411.0,0.0,0.0,306
VISAKHAPATNAM-KOCHI,VISAKHAPATNAM,KOCHI,0.0,0.0,0.0,61
VISAKHAPATNAM-KOLKATA,VISAKHAPATNAM,KOLKATA,53776.0,465.53909999999996,0.0,365
VISAKHAPATNAM-KURNOOL,VISAKHAPATNAM,KURNOOL,7745.0,0.054000000000000006,0.0,365
VISAKHAPATNAM-MUMBAI,VISAKHAPATNAM,MUMBAI,81983.0,233.7416,0.17725627835578123,365
VISAKHAPATNAM-PORT BLAIR,VISAKHAPATNAM,PORT BLAIR,17455.0,9.066,0.0,365
VISAKHAPATNAM-PUNE,VISAKHAPATNAM,PUNE,4970.0,8.533,0.0,184
VISAKHAPATNAM-RAIPUR,VISAKHAPATNAM,RAIPUR,0.0,0.0,0.0,365
VISAKHAPATNAM-RAJAHMUNDRY,VISAKHAPATNAM,RAJAHMUNDRY,5492.0,0.401,0.0,365
VISAKHAPATNAM-RANCHI,VISAKHAPATNAM,RANCHI,46.0,0.0,0.0,61
VISAKHAPATNAM-SHIRDI,VISAKHAPATNAM,SHIRDI,208.0,0.0,0.0,275
VISAKHAPATNAM-TIRUPATI,VISAKHAPATNAM,TIRUPATI,25470.0,0.023,0.0,365
VISAKHAPATNAM-VARANASI,VISAKHAPATNAM,VARANASI,315.0,0.031,0.0,92
VISAKHAPATNAM-VIJAYAWADA,VISAKHAPATNAM,VIJAYAWADA,21261.0,5.462,25.392,365
ZIRO-DIBRUGARH,ZIRO,DIBRUGARH,26.0,0.0,0.0,61
"ZIRO-Hollongi Airport, Itanagar",ZIRO,"Hollongi Airport, Itanagar",46.0,0.0,0.0,31
ZIRO-ITANAGAR,ZIRO,ITANAGAR,5.0,0.0,0.0,30
ZIRO-LILABARI,ZIRO,LILABARI,3.0,0.02016,0.0,30
Zero Airport-DIBRUGARH,Zero Airport,DIBRUGARH,4.0,0.0,0.0,31
